fips,population,population_per_sqmile
01001,55200,91.48681327010671
01003,208107,123.6362936786265
01005,25782,28.32388740221663
01007,22527,36.015479038617656
01009,57645,88.67343959826744
01011,10352,16.574053926014468
01013,20025,25.719889208665194
01015,115098,188.13147225099095
01017,33826,56.055851620921935
01019,25853,43.07646127346896
01021,43930,62.68882801540946
01023,13075,14.140009659494941
01025,24387,19.43185470656156
01027,13378,22.06442923211709
01029,14938,26.697037293909446
01031,51288,75.41016088252941
01033,54495,87.58150383755235
01035,12514,14.679195325150417
01037,10855,16.288997790463384
01039,37351,35.76868700416821
01041,13865,22.69171065236079
01043,82313,108.75740402003028
01045,49255,87.44781551779072
01047,40029,40.27967611011598
01049,71200,91.4471650382799
01051,81212,123.87666687309442
01053,37328,39.144226099415896
01055,102939,187.3969603261696
01057,16585,26.285487009256325
01059,31542,48.656952775408655
01061,26491,45.910560286087595
01063,8426,12.75347893209092
01065,14887,22.646758185906826
01067,17124,30.15691644855255
01069,104352,178.7362458343567
01071,52094,46.26962995179875
01073,659892,587.1603491206408
01075,13933,22.994901018990173
01077,92585,128.66635086349686
01079,33171,46.42650303256655
01081,159287,258.86798970756064
01083,93052,153.40270496083187
01085,10236,14.12805472443425
01087,19054,31.04968944407433
01089,357560,438.6612618676484
01091,19538,19.87484117673405
01093,29965,40.15759785205154
01095,95145,152.65267544062186
01097,414659,321.3987064763022
01099,21512,20.774572252912087
01101,226941,282.7096857308222
01103,119122,199.11376329947916
01105,9486,13.103054871614965
01107,20298,22.83509241622479
01109,33403,49.51996245163405
01111,22574,38.59741517142069
01113,58213,89.66516040944643
01115,87306,133.30249879591392
01117,211261,260.7531898979322
01119,12985,14.246216707236494
01121,80565,106.01687590082362
01123,40636,52.95622860173221
01125,206213,152.32861512068263
01127,64493,80.17865298095772
01129,16643,15.283177439126657
01131,10809,11.90681998345727
01133,23875,37.59678573302977
02013,3425,1.9640590406526501
02016,5750,4.777585596414882
02020,296112,772.1972726742991
02050,18040,1.854495663943642
02060,890,7.315093851106728
02068,2232,0.7937675326486232
02070,4975,1.1279586820785874
02090,99653,61.58152626662227
02100,2518,4.991985026520786
02105,2132,1.4405170449680236
02110,32330,53.95970936390314
02122,58220,15.68667459354951
02130,13804,12.65797702772146
02150,13649,8.508303014018662
02158,8198,1.9556528358776823
02164,1375,0.22921498440920274
02170,103464,18.781877051634993
02180,9925,1.8229701663022315
02185,9797,0.49449344432779613
02188,7734,0.9365624601946149
02195,3255,5.032434140075711
02198,6474,5.009426328779584
02220,8738,12.473019344574286
02230,1061,10.848886154909906
02240,6876,1.2730871580892071
02261,9301,1.2037363917952806
02275,2484,4.3079169804480335
02282,689,0.4024814052154644
02290,5415,0.16606548998025347
04001,71522,5.683948715000926
04003,126279,17.869726690056364
04005,140217,6.5489497723407855
04007,53400,9.749211311449123
04009,37879,7.18212995204759
04011,9504,4.566549013936419
04012,20701,3.8689410756579306
04013,4253913,395.5076716897103
04015,206064,13.049035853939175
04017,108705,9.655697546273098
04019,1019722,95.41237886251783
04021,419721,67.73340512646466
04023,46584,32.67097595043252
04025,224645,23.79340070685314
04027,207829,31.6535161208952
05001,18124,17.42409243594404
05003,20537,21.61700884020599
05005,41219,69.578024451193
05007,258980,288.8830590208019
05009,37288,61.04242154085834
05011,10948,16.595203966896708
05013,5202,8.152453952830344
05015,27887,43.18567198224985
05017,10826,15.593885314764318
05019,22385,25.06077344631834
05021,15061,23.371958199181233
05023,25230,42.16954523176161
05025,8226,13.632922178412114
05027,23892,30.777882558001725
05029,20906,36.59108004361739
05031,105701,147.7390563587824
05033,62472,102.00319387748392
05035,49013,76.42898905216025
05037,16998,27.12935222166886
05039,7432,11.002514285810626
05041,11887,14.411292575740141
05043,18502,21.97593194644251
05045,122416,182.82262685100284
05047,17780,28.331596696734668
05049,12139,19.44850497635388
05051,98296,132.32827669552273
05053,18086,28.3275575201236
05055,44623,76.7407977691841
05057,22018,29.297032429136088
05059,33520,53.249040764308994
05061,13389,22.169150321280345
05063,37264,47.92414093509187
05065,13559,23.012778256095476
05067,17225,26.666677031928405
05069,70424,76.3857486082389
05071,26291,37.946645028151295
05073,6915,12.556532234794044
05075,16669,27.875658384285718
05077,9398,15.098580465628432
05079,13695,23.76253013938849
05081,12417,21.818805571360766
05083,21757,29.374671420545766
05085,72206,88.7897590457685
05087,16076,18.95231281686168
05089,16438,25.521950962514477
05091,43759,67.47495438364612
05093,42831,46.41899367249729
05095,7249,11.601880568709426
05097,8993,11.080068333700389
05099,8440,13.453123239368741
05101,7848,9.436542396163425
05103,24106,32.18615024300617
05105,10322,18.197941495711586
05107,19034,25.95719228632872
05109,10808,17.376068850983714
05111,24054,31.355479301703628
05113,20163,23.019253907657248
05115,63644,75.7303117205592
05117,8244,12.186297759739455
05119,393463,482.80740480655595
05121,17603,26.680364997304498
05123,26294,40.853092581634144
05125,118009,159.9754927835595
05127,10442,11.455950597816072
05129,7923,11.72253209278864
05131,127461,229.6621722733485
05133,17193,29.14026381627578
05135,17043,28.012552550386044
05137,12446,20.283999500815117
05139,39732,37.291175611292005
05141,16684,22.868090459877777
05143,228529,236.42044662919326
05145,78804,74.95741191704015
05147,6660,11.15545927257041
05149,21573,22.454306204185848
06001,1643700,1707.1732358059269
06003,1146,1.2442494048940387
06005,37829,49.85164489633104
06007,227075,107.75150561867002
06009,45235,34.76315504114721
06011,21464,14.561854606781703
06013,1133247,1165.6821014878456
06015,27424,21.2760016091826
06017,186661,83.65416153743985
06019,978130,129.88262730774053
06021,27897,16.585659099541648
06023,135768,29.310182340899647
06025,180216,33.27582056930345
06027,18085,1.4516534648687753
06029,883053,86.70392300693287
06031,150075,85.62243116752472
06033,64148,37.63910752589448
06035,31185,5.3527163724271
06037,10098052,1975.4161543148844
06039,155013,57.62849540889536
06041,260295,370.446359175838
06043,17540,9.596627397288678
06045,87422,19.305483323627865
06047,269075,107.46277610992347
06049,8938,1.7331620358441484
06051,14174,3.6848724846627565
06053,433212,101.88074232924443
06055,140530,139.12197033201403
06057,99092,81.49677529162791
06059,3164182,3179.720312077078
06061,380077,202.53453819078246
06063,18699,5.757299687606405
06065,2383286,268.4522331669465
06067,1510023,1199.449128902759
06069,59416,33.50796342380448
06071,2135413,87.62671052675658
06073,3302833,630.1480501219235
06075,870044,13971.639035666441
06077,732212,404.16653271801795
06079,281455,66.36549184160432
06081,765935,1296.9007386175297
06083,443738,126.35969628566023
06085,1922200,1151.4269268873138
06087,273765,476.1930396689795
06089,179085,37.13658946189306
06091,2930,2.456390264825329
06093,43540,5.475983785817184
06095,438530,386.45373434923647
06097,501317,244.7638912791907
06099,539301,281.7283380410856
06101,95872,124.2509136419348
06103,63373,16.930072665358566
06105,12862,3.1563214954216914
06107,460477,76.67339206216742
06109,53932,19.023463779085727
06111,848112,360.3948320620195
06113,214977,165.53996178270154
06115,75493,93.5715792219467
08001,497115,394.66822325362045
08003,16444,21.09747323172804
08005,636671,746.7394112157605
08007,12908,8.717318675800367
08009,3563,1.3187287562427734
08011,5809,3.5561406014625856
08013,321030,404.5116938938386
08014,66120,1844.7385519655033
08015,19164,17.442925039477306
08017,2039,1.0895867241218362
08019,9379,22.090976683054162
08021,8142,5.810899051693704
08023,3687,2.7796036183161297
08025,5630,6.611050118647849
08027,4640,5.816889247912839
08029,30346,24.162277374221716
08031,693417,4178.180646475362
08033,1841,1.5662477870922384
08035,328614,363.71680325269864
08037,54357,29.690144367677842
08039,25162,12.783663378907203
08041,688153,303.36647108106973
08043,47002,28.51197271996695
08045,58538,18.12467793982353
08047,5924,36.65666451477988
08049,15066,7.470248489592513
08051,16537,4.661484522358507
08053,878,0.7155294302176257
08055,6583,3.8533323299185
08057,1296,0.7419660500909591
08059,570427,687.83745865831645
08061,1449,0.7660670460418167
08063,7635,3.34884344570713
08065,7585,18.31573290674752
08067,55101,29.49051234520212
08069,338161,119.96259097509193
08071,14179,2.7804165919723745
08073,5548,2.019994550994023
08075,21689,11.157301660045663
08077,149998,40.778724393904085
08079,823,0.8587521628875726
08081,13060,2.5182632840956867
08083,25909,11.452111318806715
08085,41268,16.735560061885305
08087,28257,20.569162659147374
08089,18325,13.61033879998523
08091,4722,7.959609596618578
08093,17392,7.311372081560166
08095,4318,5.974704723156213
08097,17909,16.939343338523695
08099,12052,6.952466125396842
08101,164685,64.04215280414311
08103,6465,1.8300449217655177
08105,11351,11.442802489103707
08107,24874,9.702740247656486
08109,6468,1.8822987917755303
08111,544,1.280398524406836
08113,7968,5.589889346197268
08115,2350,4.0815047848695185
08117,30429,45.68698711109227
08119,24113,40.15080132928878
08121,4840,1.814347908261874
08123,295123,69.11139776754783
08125,10069,4.042044210693876
09001,944348,1400.4949858414368
09003,894730,1157.6868983045347
09005,183031,188.76117984502517
09007,163368,411.93586086401467
09009,859339,1347.716952246639
09011,268881,374.16218289031815
09013,151269,352.0114100233685
09015,116538,216.75302454364612
10001,174822,286.58938495861435
10003,555133,1215.7261112665642
10005,219540,219.64402291266276
11001,684498,9880.654897042781
12001,263148,271.1685022807896
12003,27785,46.912279091195934
12005,182482,206.89377436845575
12007,26979,89.4065046305678
12009,576808,442.7935652261061
12011,1909151,1548.4385463193335
12013,14444,25.104446383472553
12015,176954,236.24781379072527
12017,143087,217.8371668727854
12019,207291,320.6850434041001
12021,363922,172.13801436756842
12023,69105,86.17398162032623
12027,36399,56.68274595679466
12029,16437,22.75832543480041
12031,924229,1083.384343070276
12033,311522,416.91703627636144
12035,107139,210.439913388478
12037,11736,18.689724414648772
12039,46017,86.9705754746886
12041,17615,49.89473004606979
12043,13363,13.494671631404099
12045,16055,27.50257413002646
12047,14269,27.50735396226362
12049,27228,42.57827190576097
12051,40127,33.48413126186764
12053,182696,363.8808069665459
12055,102101,91.87565477398257
12057,1378883,1270.122311858724
12059,19430,39.844249561293815
12061,150984,278.7653608958498
12063,48472,50.77652467738469
12065,14105,22.983721577934464
12067,8744,15.925170418961853
12069,335362,288.5685535714566
12071,718679,790.639376689751
12073,288102,410.9503821310201
12075,39961,34.560165579746254
12077,8365,9.940745345295324
12079,18474,25.791123938549894
12081,373853,468.2281215119315
12083,348371,208.7155033634787
12085,157581,230.5292812937556
12086,2715516,1329.5559934731739
12087,76325,50.31831438931591
12089,80578,120.1914514057707
12091,200737,202.1604568753266
12093,40572,45.34124369742502
12095,1321194,1311.1448102622414
12097,338619,223.88029569401192
12099,1446277,646.0605974769699
12101,510593,657.1648190896979
12103,957875,2750.0979254688796
12105,668671,331.17543984926374
12107,72766,87.8974639768043
12109,235503,348.1524620352155
12111,305591,493.6641947216835
12113,170442,148.12752479741124
12115,412144,678.372639727873
12117,455086,1313.2785546041396
12119,120999,208.11640166881415
12121,43924,63.367696406680125
12123,22098,20.990648640166754
12125,15239,60.852735993443126
12127,527634,414.4004672359417
12129,31877,50.03739262167737
12131,65858,57.214515284593276
12133,24566,39.81965901765489
13001,18454,35.92777263361882
13003,8265,23.984710778840054
13005,11228,39.172945217366305
13007,3189,9.180480925590453
13009,45286,169.3633262646715
13011,18510,78.84403359869962
13013,76887,467.60630797901865
13015,103620,220.51153518363398
13017,17154,67.54216185992225
13019,19025,41.573941699917135
13021,153490,597.634705352978
13023,12775,58.320701029235295
13025,18561,41.40614193021671
13027,15622,31.52383589499673
13029,35885,79.12789711001297
13031,74782,108.08376755513989
13033,22550,26.936112474279028
13035,23750,126.42852715030371
13037,6428,22.685152045518024
13039,52714,76.60503465001959
13043,10827,43.40563117165504
13045,116022,230.4811365973327
13047,66299,409.3673940223456
13049,12983,16.541572652048103
13051,287049,579.248272429222
13053,10767,43.1349898632349
13055,24817,79.0808478064125
13057,241910,558.3908658059643
13059,124602,1031.3373206516662
13061,3001,13.93273334955559
13063,278666,1917.975904442916
13065,6743,8.141559595665491
13067,745057,2151.112889566999
13069,42961,71.00888914243089
13071,45606,81.95856568441262
13073,147295,475.88059998273303
13075,17184,73.50108143519138
13077,140516,314.8261562880507
13079,12344,37.79876035009321
13081,22846,81.53174508995382
13083,16227,93.28266975160345
13085,23861,111.60022207193055
13087,26833,43.137900003792424
13089,743187,2743.5798056904646
13091,20919,41.56392290747652
13093,13905,34.84689501064634
13095,91049,271.9409875218274
13097,141840,704.1937503227598
13099,10348,20.0077080854812
13101,3994,9.492085268184992
13103,58689,120.92178957172975
13105,19212,51.26508335086002
13107,22499,32.540681250184655
13109,10727,57.35701740843365
13111,24925,63.67823430973432
13113,111369,560.8112299908915
13115,96824,186.79594127576485
13117,219880,887.715048321763
13119,22514,84.56116246786304
13121,1021902,1911.2471664703082
13123,29922,69.02016400810042
13125,3009,20.770801312182336
13127,83974,177.9548103668085
13129,56790,157.78305082201473
13131,24926,53.98163466339133
13133,16976,41.74982785542298
13135,902298,2059.772619253845
13137,44289,158.74068762140007
13139,195961,455.6269690882563
13141,8535,17.817487073850135
13143,28956,101.9869572930322
13145,33590,71.10479777280077
13147,25631,99.30908430735052
13149,11677,38.85063919718276
13151,221307,675.6503343783263
13153,151682,398.7538683316579
13155,9268,25.541174439876254
13157,65755,191.2378770403645
13159,13784,36.9552310427943
13161,14991,44.636173821488505
13163,15772,29.678557332546784
13165,8827,24.94644824342111
13167,9730,31.749451152252465
13169,28548,72.32458398657545
13171,18513,99.9457477878921
13173,10366,52.02996742701335
13175,47418,57.90390983560161
13177,29348,81.02123911830604
13179,62108,113.9896609241542
13181,7799,30.19972518077864
13183,18156,44.89850073456417
13185,114582,224.06417470083716
13187,31951,112.83790352015443
13189,21498,80.58787146830977
13191,14120,29.10568173239039
13193,13480,33.19731115882544
13195,28900,101.27424984912076
13197,8484,23.107244375985832
13199,21113,41.903200909399786
13201,5836,20.61135423004209
13205,22432,43.50142362463924
13207,27010,67.78674452651586
13209,9036,36.78762078766742
13211,18235,51.21083411131475
13213,39557,114.50126223159455
13215,196670,889.2085045842921
13217,106497,380.3175511887242
13219,37017,200.0663156891621
13221,14784,33.3780021401442
13223,155840,496.74242764060944
13225,26966,177.67272754936502
13227,30832,133.30944875457686
13229,19164,55.86224434472278
13231,18082,82.37545000075573
13233,41621,133.40772139193487
13235,11295,44.81908201540492
13237,21503,59.625121818881794
13239,2276,14.512919312405387
13241,16457,43.59136560778142
13243,7087,16.451142096905276
13245,201463,613.1936558223547
13247,89011,675.4114601559344
13249,5211,31.03701500325445
13251,13990,21.27020570065609
13253,8437,32.89043159973528
13255,64719,324.7547950777652
13257,25676,139.18427915104735
13259,6042,13.02759956919371
13261,30352,61.59967576682542
13263,6378,16.146245444274356
13265,1665,8.499228802294395
13267,25353,51.7477758968484
13269,8193,21.698413125364507
13271,16115,36.2645679161202
13273,8859,26.26404073880888
13275,44730,80.67727780836138
13277,40510,150.2230607163102
13279,27048,72.91757599609515
13281,11417,66.31079474784025
13283,6777,33.167994207174964
13285,69774,156.04442573696267
13287,7962,27.455567139755708
13289,8284,22.850481583332147
13291,22775,69.11366081617511
13293,26216,79.9109670071599
13295,68824,153.77961089629096
13297,90132,273.671935770403
13299,35599,39.1423333814787
13301,5346,18.584279951725993
13303,20461,29.89289334888643
13305,29767,45.72375133342918
13307,2613,12.423108085676759
13309,7939,26.362351387197737
13311,28928,119.43810735805542
13313,103849,357.21610867487584
13315,8846,23.130543704107865
13317,9884,20.842432482662222
13319,9078,19.969869812576896
13321,20656,35.89107396264904
15001,197658,27.14371443354944
15003,987638,860.4118630923005
15005,75,3.1755174228038663
15007,71377,58.782938310057155
15009,165281,77.15936235820618
16001,446052,362.9758359358641
16003,4019,2.546586656322988
16005,85065,66.07817395546817
16007,5962,5.0968458227300175
16009,9086,10.134436338656899
16011,45551,19.183864721188733
16013,21994,7.2845567081813885
16015,7163,3.2646169250440797
16017,42711,19.65953666619576
16019,112397,53.07933285059668
16021,11549,8.007624101803383
16023,2602,1.0322229896913506
16025,886,0.718446336095541
16027,212230,302.2293101295756
16029,6918,3.447494541557831
16031,23615,8.03591319874886
16033,1077,0.5468371601254343
16035,8640,3.061522312811574
16037,4141,0.7395721920744344
16039,26433,7.412031893978663
16041,13279,17.750073324508417
16043,12965,6.165524745372838
16045,17052,26.17086499636599
16047,15169,18.02943479680144
16049,16337,1.6903157429883533
16051,27969,22.709281727687856
16053,23431,34.05193698554425
16055,153605,103.10816612485272
16057,39239,31.971980416661253
16059,7798,1.5155278459795767
16061,3845,7.011876079602649
16063,5321,3.875776296528135
16065,38705,73.33583825380067
16067,20615,23.81610546195324
16069,40155,40.88865761302326
16071,4326,3.197203134909354
16073,11455,1.280136661548999
16075,23041,48.39906290378343
16077,7713,4.754608298820806
16079,12526,4.188387897568504
16081,11080,22.25112152121036
16083,83666,37.911544298540356
16085,10401,2.434492747706941
16087,10025,5.878332263989305
17001,66427,75.88642554597484
17003,6532,25.756171870394034
17005,16712,43.5980525876814
17007,53606,190.51104133057888
17009,6675,21.61438392310862
17011,33381,38.03697244618871
17013,4858,17.058396616461362
17015,14562,31.10140938465343
17017,12665,33.054368578693236
17019,209448,209.86998467831927
17021,33231,46.386928986036665
17023,15836,31.339476366773287
17025,13338,28.5140912025348
17027,37628,74.5380725710659
17029,51736,101.50448873533614
17031,5223719,5454.032969243499
17033,19088,42.61417013262063
17035,10865,31.20268080390448
17037,104200,164.03424105455676
17039,16042,39.560167749175356
17041,19714,47.23688842605942
17043,931743,2770.1601561004977
17045,17539,28.09812074292293
17047,6507,29.09694019390474
17049,34174,70.83459271324973
17051,21724,29.90540825684431
17053,13398,27.444197358918117
17055,39127,90.78060134184265
17057,35418,39.935869984461654
17059,5157,15.647725109595227
17061,13218,24.09062111237476
17063,50509,116.88606621712293
17065,8221,18.834675891180805
17067,18112,22.12518124586214
17069,4009,22.071254328586686
17071,6884,17.306836418309192
17073,49464,59.7339299401493
17075,28169,25.171925414554355
17077,58551,96.71550854128579
17079,9598,19.28427737096311
17081,38169,65.22096626057738
17083,22069,58.32751545633455
17085,21834,35.13750546186897
17087,12602,36.05216090962857
17089,530839,1011.3491337916558
17091,111061,163.0685055411171
17093,124626,387.06802585990556
17095,50999,70.55108183736994
17097,703619,1495.7968325418258
17099,110401,96.15104706107915
17101,16189,43.268144379539415
17103,34527,47.29290174152101
17105,36324,34.62394826953588
17107,29207,47.1522775719466
17109,30875,52.174521128357725
17111,307789,502.24869909399587
17113,173219,145.83576309600457
17115,106512,181.55365871970713
17117,45719,52.61851293473294
17119,265670,356.93829926939264
17121,38084,65.86487311791882
17123,11794,29.56109976020057
17125,13778,24.340087751825415
17127,14430,59.19566763512117
17129,12367,39.17515465916352
17131,15693,27.362527857652985
17133,33936,85.02309617138697
17135,29009,40.76691470141756
17137,34426,59.81158160209095
17139,14703,42.62122576783001
17141,51328,67.16969922253433
17143,184463,291.49339622448406
17145,21384,47.50341789897201
17147,16427,37.32532191641731
17149,15754,18.43825676044399
17151,4249,11.349185190744208
17153,5611,27.688259623092165
17155,5746,33.47054477843953
17157,32546,54.37449352890498
17159,15881,43.68744598269207
17161,145275,322.41701281922815
17163,263463,389.7203882811603
17165,24231,62.612056511663845
17167,197661,224.68142545967805
17169,7064,15.888163883079107
17171,5047,19.886665111220303
17173,21832,28.32255690105512
17175,5500,18.99176547936574
17177,45433,80.25133835842483
17179,133852,202.8904477857777
17181,17127,40.50951241224544
17183,78407,86.79519463995832
17185,11573,50.485521023334464
17187,17338,31.90631231347104
17189,14155,25.12162086188332
17191,16487,23.000688706743134
17193,14025,28.075236516056023
17195,56396,80.75773956043702
17197,688697,809.54489830049
17199,67299,151.09670253360494
17201,286174,549.1590259767638
17203,38817,71.40934947076796
18001,35195,103.32763480775337
18003,370016,560.4181149405421
18005,81893,199.42147522069027
18007,8667,21.30286427469743
18009,12129,73.46509764119709
18011,64321,151.94110464748442
18013,15034,47.724466148401994
18015,19994,53.39419625753449
18017,38084,91.63809278597526
18019,115702,309.2063349185906
18021,26268,72.86678548057293
18023,32301,79.74317280407004
18025,10581,34.35952094835529
18027,32937,75.18483300535193
18029,49501,161.05491401878206
18031,26552,71.32939605844196
18033,42704,117.4722581805528
18035,115616,291.23986560842553
18037,42418,97.55261703344046
18039,203604,435.9847968182486
18041,23259,108.05036288919756
18043,76809,507.6033173544925
18045,16486,41.39812292615728
18047,22842,58.32235623342383
18049,20212,54.49565172692155
18051,33596,67.1732494867544
18053,66944,161.4495919764304
18055,32295,59.2002710786997
18057,316095,783.9538434918097
18059,73830,240.57670412212656
18061,39712,81.73327652865348
18063,160940,393.3850251669838
18065,48483,122.70449815666834
18067,82387,280.079530180935
18069,36378,93.87919585791687
18071,43938,85.24086525435752
18073,33449,59.45959866015546
18075,20993,54.67262198904202
18077,32237,88.6888740552494
18079,27727,73.23916813475769
18081,151564,471.55649369548377
18083,37409,71.23850190274267
18085,78806,141.9986614556415
18087,38942,100.6167680765225
18089,486849,965.0172732396187
18091,110552,182.9101807050846
18093,45619,100.82581527099632
18095,129505,286.72666032446654
18097,944523,2343.973833086698
18099,46595,103.48991963851543
18101,10210,29.954896231041445
18103,35901,95.22647218467088
18105,145403,353.3547937267584
18107,38276,75.6887293135692
18109,69727,170.17255157577708
18111,14018,34.78745780309722
18113,47451,113.83346388384045
18115,5887,67.75171210247746
18117,19547,47.85536057364375
18119,20878,53.78760397695995
18121,16996,37.7111845631327
18123,19141,49.46766021590793
18125,12411,36.52800819097158
18127,168041,399.81996926796944
18129,25589,60.81518230287626
18131,12660,29.118203565388047
18133,37559,77.83069113266087
18135,25076,55.33748596308416
18137,28425,63.623091910114894
18139,16704,40.88305328835349
18141,269240,583.3908009478992
18143,23743,123.8269579904711
18145,44399,107.36145144929975
18147,20526,51.11937221735589
18149,22941,73.55340119740664
18151,34474,107.020793079037
18153,20792,45.896163904891296
18155,10628,47.578123918779646
18157,189294,375.77604991274535
18159,15218,58.32950678189721
18161,7153,43.23700639506547
18163,181313,766.5249819398759
18165,15560,59.9017035968987
18167,107693,262.9351254488276
18169,31631,75.07108038840947
18171,8247,22.516639335028128
18173,61928,158.4434457629434
18175,27827,53.903664049496236
18177,66613,164.6926529630661
18179,27947,75.41025573341703
18181,24217,47.7727443462566
18183,33649,99.4554372552198
19001,7124,12.315880223381374
19003,3726,8.63892729607558
19005,13880,20.854195578519185
19007,12510,23.99258010777937
19009,5637,12.547863304107054
19011,25626,35.25959707740454
19013,133009,230.41374462362126
19015,26399,45.49800307279576
19017,24782,55.97728200607915
19019,21125,36.6394289181401
19021,20260,34.38762445792531
19023,14735,25.127860017858318
19025,9780,16.859547528397954
19027,20344,35.153551128674316
19029,13191,23.003961367740573
19031,18445,31.54654759383545
19033,42984,74.09094940830563
19035,11468,19.563186528324078
19037,12099,23.764476953420626
19039,9282,21.196062403165072
19041,16313,28.09940895290855
19043,17672,22.200925035013626
19045,47218,66.08002587373944
19047,17132,23.56206035078208
19049,84002,140.40501449564383
19051,8885,17.475546100946584
19053,8044,14.955732908112001
19055,17258,29.709008445371953
19057,39600,91.51392178705545
19059,17056,41.61191127207407
19061,96802,156.17129874005494
19063,9551,23.460153967079133
19065,19929,27.06417681316815
19067,15858,31.33004310273266
19069,10245,17.414949916540234
19071,6968,13.252092287066445
19073,9003,15.560010954753828
19075,12341,24.33812580880401
19077,10674,17.765717505512097
19079,15110,25.864459311176006
19081,10888,18.789796076011065
19083,17127,29.758372252138848
19085,14143,19.792006871899552
19087,19926,45.3925791820407
19089,9264,19.439688522949346
19091,9566,21.71637786320499
19093,6916,15.768230224003263
19095,16207,27.31594161619137
19097,19395,29.811936727029412
19099,36891,49.8730506407311
19101,18077,41.038740382547864
19103,147001,235.6601702874648
19105,20568,35.47885915539443
19107,10200,17.450989397479553
19109,15075,15.280720187494119
19111,34541,63.94758922201306
19113,222121,305.9911948883713
19115,11223,26.765525920431138
19117,8597,19.6121730891072
19119,11769,19.78340692867896
19121,15890,27.908525795606693
19123,22208,38.409137396081796
19125,33207,57.64704936880054
19127,40271,69.69760379450683
19129,14957,33.3645662116738
19131,10631,22.46896141947161
19133,8796,12.355216322164097
19135,7863,17.96328142393488
19137,10155,23.53160229267709
19139,42950,95.03514618835736
19141,13911,23.848364003809728
19143,6115,15.073991926233926
19145,15363,28.20021927946422
19147,9055,15.700865433689176
19149,25039,28.467768469561396
19151,6898,11.775283327008694
19153,474274,793.1787415058313
19155,93503,95.82077058224941
19157,18605,31.395469616286487
19159,4984,9.130545352705717
19161,9868,16.79822363849297
19163,172288,366.4811540940946
19165,11694,19.45529871989071
19167,34825,44.29025880040102
19169,96922,167.39982242674898
19171,17136,23.54444049435485
19173,6201,11.420403691728392
19175,12453,28.883685848844976
19177,7223,14.602603415883621
19179,35315,80.42421357105731
19181,49361,85.17707735569466
19183,22143,38.52965554571427
19185,6413,12.020017628258573
19187,36757,50.513086738839
19189,10571,26.071836216805522
19191,20401,29.541432353541854
19193,102398,115.0611430219424
19195,7489,18.496878733569066
19197,12804,21.796222782409576
20001,12630,24.529452468032186
20003,7852,13.23468579189283
20005,16363,36.94679379449075
20007,4733,4.032492501028151
20009,26791,28.80705447958423
20011,14702,22.628024158391327
20013,9664,16.600040320042527
20015,66468,44.83594180460179
20017,2645,3.3289332367666304
20019,3367,5.107057636725378
20021,20331,33.85254699790994
20023,2677,2.509762062335831
20025,2053,2.0191450470476573
20027,8142,12.091812110458706
20029,9060,12.279678249305068
20031,8296,12.44490913527156
20033,1780,2.1751388004038366
20035,35591,30.668122992287916
20037,39108,64.70450633457459
20039,2881,3.09814110556644
20041,19004,21.817096967786643
20043,7736,19.10339952418745
20045,119319,247.61597042344235
20047,2925,4.546109122788889
20049,2562,3.8570704722262326
20051,28878,31.017017948268514
20053,6293,8.440797492770548
20055,36957,27.197886250596238
20057,34484,30.146615938519545
20059,25563,43.49664588625621
20061,34895,84.25642357184947
20063,2619,2.34721073997468
20065,2545,2.7288185819868938
20067,7616,12.61827658546713
20069,6037,6.658501939454816
20071,1200,1.467697791035951
20073,6156,5.241279825947441
20075,2616,2.4986222305524617
20077,5673,6.85962823670847
20079,34555,62.39429020140649
20081,4047,6.71023487122599
20083,1842,2.0584627697719293
20085,13318,19.88012585353344
20087,18888,33.33348484248437
20089,2916,3.096348771972641
20091,585502,1200.6139247075987
20093,3932,4.308603790491871
20095,7470,8.364335651893946
20097,2526,3.3656097314897404
20099,20367,30.624920728942946
20101,1642,2.194916851519277
20103,80042,168.52003902176364
20105,3097,4.178032559004094
20107,9635,15.634185142897044
20109,2810,2.5011920362392908
20111,33299,38.103941692107
20113,28630,30.953808811004308
20115,12032,12.29681712606881
20117,9798,10.600691294986689
20119,4261,4.174806310598848
20121,33127,55.285944087336844
20123,6222,8.418777032183042
20125,32970,49.616086396213696
20127,5566,7.748233765910261
20129,2838,3.6964824412706583
20131,10104,13.786244429209995
20133,16125,27.427847644255255
20135,2955,2.6478444262763876
20137,5486,6.00716073656725
20139,15882,21.630350333970693
20141,3603,3.9017391989571113
20143,5902,7.977745575871074
20145,6709,8.593539532565602
20147,5408,5.8570931302174705
20149,23545,26.756558220441462
20151,9582,12.625421108799214
20153,2509,2.2434294037524207
20155,63101,48.200210429217265
20157,4686,6.356699783987486
20159,9762,12.983736734331952
20161,75296,118.47141564430305
20163,5118,5.519052501076116
20165,3102,4.1735390408609705
20167,6977,7.509616885279383
20169,54977,74.3622210798613
20171,4949,6.6015515066940464
20173,512064,493.37767811575526
20175,22692,33.81588100803242
20177,178284,315.66795056050876
20179,2506,2.6879450241862406
20181,5966,5.388475431662374
20183,3663,3.9642467033116846
20185,4214,5.1361155666329195
20187,2063,2.885374970272158
20189,5686,7.446914018823343
20191,23208,19.057198445185858
20193,7824,6.975917855626428
20195,2858,3.0607149028001275
20197,6888,8.443079745425843
20199,1575,1.6432947170994077
20201,5525,6.007078017460588
20203,2143,2.847737117203974
20205,8780,14.991107424606204
20207,3170,6.137566084726985
20209,164345,1030.8284964304116
21001,19241,46.763476943892854
21003,20794,59.026544789683975
21005,22214,108.89873573306497
21007,8090,29.394807991695753
21009,43680,87.3492141616417
21011,12268,43.12512147279921
21013,27188,74.97309855009708
21015,129095,502.55334234784476
21017,20144,68.86455250560796
21019,48091,295.0350077671823
21021,29913,162.32829033210618
21023,8306,39.55414036745806
21025,13116,26.47924290894278
21027,20080,34.26596197066489
21029,79466,262.4992494469025
21031,12745,29.463595012208007
21033,12727,36.52223064820068
21035,38776,94.3827178767378
21037,92267,579.3625915759864
21039,4841,24.343901855080105
21041,10711,78.42860880529422
21043,27290,66.08205048011877
21045,15796,35.42490869697345
21047,72263,99.8322847637289
21049,35872,140.06363854486926
21051,20621,43.593380267261715
21053,10211,49.74462849819126
21055,9083,24.551181357257825
21057,6713,21.52675936259247
21059,99937,209.3461591120553
21061,12122,39.327601525989024
21063,7517,32.194872523637386
21065,14313,56.0041734181784
21067,318734,1119.441933082686
21069,14479,41.120827271675516
21071,36926,92.96377020264529
21073,50296,235.9495997019443
21075,6210,26.867669644649702
21077,8703,83.80433412102897
21079,17328,73.93600536069863
21081,24915,95.40792397356891
21083,37294,66.91608429388994
21085,26178,51.262570204733635
21087,11023,38.18970113265725
21089,35765,100.95284574234445
21091,8719,43.79986116473996
21093,108095,171.4889601267579
21095,27134,57.95962035722513
21097,18668,60.33655592910568
21099,18627,44.56720706652801
21101,46137,98.83562422589182
21103,15814,54.299336227101755
21105,4568,18.011589810085876
21107,45664,82.34567292154891
21109,13373,38.450869020787636
21111,767154,1938.755702225411
21113,52422,301.3023178058552
21115,22843,87.26769394072414
21117,164688,1000.9978162533862
21119,15513,43.89290202108146
21121,31467,81.40489683322753
21123,14156,53.57637646828644
21125,60180,135.704005137625
21127,15783,37.48057446720032
21129,6751,31.972824372011058
21131,10472,25.847722600764897
21133,22676,66.82676094698719
21135,13490,27.201617655367173
21137,24458,72.8374787613713
21139,9263,26.97235515743579
21141,26849,48.21807224707959
21143,8186,31.94016948156395
21145,65284,242.94424883813323
21147,17635,40.864052852380546
21149,9331,36.32271212779927
21151,89700,202.32000770160414
21153,12666,40.801469143276236
21155,19232,55.416079245723715
21157,31166,91.2802383085156
21159,11919,51.69822096621438
21161,17153,69.73998648964569
21163,28326,87.45692644346181
21165,6405,30.98316162840168
21167,21516,84.90063823335063
21169,10004,34.366664341946546
21171,10634,32.09038174362184
21173,27759,139.44857124792048
21175,13285,34.36412369071314
21177,31081,64.65444770911621
21179,45388,107.14629844455231
21181,7100,36.299345030774475
21183,24071,40.408188043911885
21185,65374,333.5170156979306
21187,10741,30.172120505634542
21189,4463,22.579765119621023
21191,14520,51.681609767815424
21193,26917,78.66084913112509
21195,60483,76.59030658712679
21197,12321,68.45945537427932
21199,64145,94.67511255287133
21201,2143,21.175643435231187
21203,16827,52.98020854597816
21205,24499,85.45811697140488
21207,17760,62.846652132756724
21209,53517,187.4730491561469
21211,46786,121.28880004117869
21213,18063,76.49168248763348
21215,18246,95.31634156622916
21217,25500,92.25880508142374
21219,12350,32.75916891041094
21221,14344,29.772083594096976
21223,8637,55.24875400455112
21225,14802,40.73642828717662
21227,126427,231.085603237599
21229,12019,39.789372452428765
21231,20609,42.52347097225204
21233,13155,39.15912270938139
21235,36089,81.2069687584611
21237,7223,32.42061561579518
21239,26097,136.0311414765669
22001,62568,94.05733248259007
22003,25661,33.145448491617145
22005,121176,399.97526740472864
22007,22714,61.92395129449524
22009,40882,46.75630027652095
22011,36769,31.208081578964496
22013,13668,16.428701697455708
22015,126131,142.97078829621788
22017,248361,261.4211890700782
22019,200182,180.76131569512657
22021,9996,18.30906923766977
22023,6868,4.134112456737231
22025,9893,13.257470168272281
22027,16153,20.805934861190146
22029,20021,26.60762605046417
22031,27216,29.92731274232539
22033,444094,935.4004434470587
22035,7225,16.244812567111417
22037,19499,42.49659537931053
22039,33636,49.048999929031176
22041,20322,31.758673134164066
22043,22348,33.214756827873984
22045,72691,115.49801209043724
22047,32956,50.10988257109504
22049,15926,27.174844005226813
22051,435300,764.9116459066688
22053,31467,47.26742914760925
22055,240091,880.0996086825079
22057,98214,76.59266291714398
22059,14949,22.38425208723063
22061,47356,99.2064742390649
22063,138111,198.65013621916896
22065,11472,17.48893192443132
22067,25992,31.98753041211553
22069,38963,29.605013049996852
22071,389648,1112.3784394421386
22073,156075,244.73832802579633
22075,23373,17.581701268762956
22077,22158,37.1316234207886
22079,131546,95.46019988723317
22081,8618,21.161507314957174
22083,20474,35.92877173582291
22085,24088,23.391410824432285
22087,45694,69.96883459534288
22089,52724,131.8993062613905
22091,10411,25.25675354642249
22093,21357,81.95166255035696
22095,43446,105.45152456576409
22097,83449,88.23552915586033
22099,53752,65.2430160449046
22101,51734,69.66479209192448
22103,252093,231.00294790973365
22105,130504,153.85125877197353
22107,4666,7.195580577291945
22109,112587,73.82762373622369
22111,22475,24.607898406828888
22113,59867,45.58321531264385
22115,51007,37.5447827493692
22117,46457,68.44731789752846
22119,39631,63.95824144715768
22121,25860,126.83643908286774
22123,11180,30.69600440872553
22125,15377,35.85645655143407
22127,14494,14.998126127999363
23001,107444,207.85353129543898
23003,68269,9.595562348096792
23005,290944,272.8082899600451
23007,30019,16.639484577223516
23009,54541,27.771121503788173
23011,121545,123.01412173811842
23013,39823,81.91083902574293
23015,34067,62.14515511690869
23017,57325,25.420307207377952
23019,151748,40.83588848104477
23021,16887,3.7027076037970588
23023,35277,113.21775486703896
23025,50710,11.946570217451564
23027,39418,49.25841982770742
23029,31694,10.44436060148657
23031,203102,191.2557770081796
24001,71977,165.2965760806304
24003,567696,1232.3315535458978
24005,827625,1294.9035096393693
24009,91082,376.99663522881957
24011,32875,98.62763868152123
24013,167522,364.26350642518986
24015,102517,264.10634439559936
24017,157671,320.4589516427728
24019,32261,49.04482979731721
24021,248472,368.01899553394423
24023,29376,44.41846228718062
24025,251025,546.2364945104025
24027,315327,1228.121397691783
24029,19593,63.70794057767083
24031,1040133,2024.3890818184982
24033,906202,1789.2961488239039
24035,49355,121.77338729283761
24037,111531,271.18044165764155
24039,25737,68.2355689230871
24041,37211,114.50975266047608
24043,149811,317.38742346403933
24045,102172,259.72994123533215
24047,51564,86.33435907195204
24510,614700,7025.998789250373
25001,213690,451.4424134256454
25003,127328,131.13154373223767
25005,558905,913.20812488129
25007,17313,135.01713840727706
25009,781024,1405.3775413748333
25011,70935,95.21724229517135
25013,469116,718.929463059936
25015,161159,286.9087910478031
25017,1595192,1819.9944876645002
25019,11101,177.37142765803554
25021,698249,1607.817682881239
25023,512135,701.3025689557679
25025,791766,11212.824148236688
25027,822280,505.0469299020348
26001,10364,14.93617129872631
26003,9194,9.728220282077878
26005,115250,137.12444404554475
26007,28612,47.68858289913722
26009,23177,44.370218357985266
26011,15165,41.00262848967012
26013,8507,9.269461763878539
26015,60057,103.68439051788278
26017,104786,229.97811222718744
26019,17552,50.68431857803762
26021,154807,267.1627097431956
26023,43584,83.95188135093608
26025,134473,186.76298000083588
26027,51460,100.99700821774694
26029,26219,57.01164297027601
26031,25458,31.852261061631186
26033,37834,22.74511592326387
26035,30616,53.26950649029746
26037,77896,135.4759597302011
26039,13836,24.587062612738777
26041,36190,30.153799327162847
26043,25570,32.91624894415399
26045,109155,188.58647938039786
26047,33039,68.88393432956829
26049,409361,630.6091341020502
26051,25289,48.97368962385955
26053,15414,13.442010963295672
26055,91746,187.42114873990076
26057,41067,71.89677095130082
26059,45830,75.4928336035734
26061,36360,34.87346965886997
26063,31543,36.52270476567292
26065,289564,518.3738555782273
26067,64176,110.88692175734971
26069,25247,44.54617756032382
26071,11212,9.24089346608793
26073,70775,122.21693997485026
26075,158913,219.402551595378
26077,261573,451.71329049300215
26079,17463,30.647544635634656
26081,643140,736.3333243943703
26083,2130,3.616440678967311
26085,11763,20.525485335268495
26087,88202,133.41638630032335
26089,21639,57.583042581169906
26091,98474,129.46284538071095
26093,188482,322.54332708148814
26095,6364,6.85208488930201
26097,10817,9.900055461956281
26099,868704,1795.0534669781405
26101,24444,43.69544749238446
26103,66939,35.74957463741923
26105,28884,56.727929143682005
26107,43264,75.66152448624733
26109,23234,22.134524479531997
26111,83389,158.29929803425213
26113,15006,26.09029227467011
26115,149699,266.14412737328394
26117,63209,87.6965819587227
26119,9261,16.471897817026345
26121,173043,328.43205795093445
26123,48142,55.8166623794748
26125,1250843,1374.2889465822686
26127,26417,48.26586213404659
26129,20928,36.45706535449352
26131,5968,4.482680952286815
26133,23232,40.551762349492954
26135,8277,14.486606076036098
26137,24397,46.088097149268656
26139,284034,491.8395018198075
26141,12797,18.61373609800441
26143,23877,41.166723388558
26145,192778,236.3677264502403
26147,159566,211.30892643607575
26149,60897,116.90252618473109
26151,41376,42.929063349619824
26153,8069,6.603205524458521
26155,68493,126.47374559387512
26157,53250,65.10778072226911
26159,75272,120.34144246635952
26161,365961,503.7200437081024
26163,1761382,2768.4835050798447
26165,33111,57.57737252254208
27001,15834,7.874275267644338
27003,347431,772.3954028533631
27005,33773,23.02543884736531
27007,46117,14.919980939810639
27009,39779,95.77658784140414
27011,5016,9.337956631149915
27013,66322,85.69983521657383
27015,25211,40.27057449467263
27017,35540,40.2865614699973
27019,100416,264.7177464961841
27021,29022,11.882465981629574
27023,12010,20.031901684070977
27025,54727,122.78964722281415
27027,62801,58.712159320402804
27029,8812,8.417320375995871
27031,5311,3.277499934756821
27033,11372,17.29126650850776
27035,63855,54.63978150878888
27037,418201,704.5483915474837
27039,20582,46.47847882277205
27041,37203,51.150736587348824
27043,13896,19.0424242501046
27045,20888,24.069782697451725
27047,30526,41.83791780300959
27049,46217,58.738578351543495
27051,5938,10.175861464506202
27053,1235478,2016.6237228360535
27055,18663,32.624170001053244
27057,20862,20.683255003721225
27059,38974,85.50399741259669
27061,45203,15.297440203905296
27063,10047,13.7562123585886
27065,16004,29.77700706281018
27067,42658,49.05333935935176
27069,4337,3.875746435819262
27071,12644,3.97674055476068
27073,6773,8.569787951907289
27075,10569,4.625382155629052
27077,3809,2.1220459285703273
27079,27983,58.54325668090136
27081,5707,10.219589069411908
27083,25839,35.19104566231073
27085,35825,69.93926522119938
27087,5506,9.313158550093688
27089,9392,5.107278488143766
27091,19964,27.00400963172722
27093,23079,35.18444465741128
27095,25728,37.331868003521436
27097,32949,28.24324419318964
27099,39602,55.16629779230467
27101,8353,11.436262489495158
27103,33783,71.18707768723743
27105,21839,29.72347914599092
27107,6559,7.357442949392268
27109,153065,232.14524392663972
27111,57992,25.637386383615855
27113,14184,22.59289086811112
27115,29129,20.147835673558323
27117,9185,19.410922743466482
27119,31591,15.5542297780181
27121,10980,15.085333805707647
27123,541493,3163.9838593156796
27125,4008,9.113755587951541
27127,15331,17.139623172857224
27129,14721,14.691429213365707
27131,65765,126.22402668526345
27133,9413,19.116672928056943
27135,15462,9.082469052681388
27137,200080,29.45001163831256
27139,143372,385.39700713200887
27141,93231,204.8128033959098
27143,14912,24.640945003460036
27145,156819,111.62734768840765
27147,36676,84.15337990166866
27149,9784,16.722309140565088
27151,9411,12.35364489000798
27153,24440,24.527803688979166
27155,3337,5.603013851685315
27157,21500,38.869562666162125
27159,13646,25.04340634049424
27161,18809,43.084009139055894
27163,253317,595.0998875656586
27165,10973,24.647617300238256
27167,6343,8.298153676773747
27169,50847,78.7894705793157
27171,132745,183.98363916697062
27173,9868,12.736027369500533
28001,31547,64.48487025258943
28003,37180,92.36912230567762
28005,12468,16.93705841291961
28007,18581,25.185375115804497
28009,8253,20.143169556653252
28011,32592,35.72525089581144
28013,14571,24.75272721721459
28015,10129,15.934575395831576
28017,17279,34.160717953430655
28019,8321,19.733580564001812
28021,9120,18.067260842825984
28023,15928,22.9381903595986
28025,19808,47.44459802764566
28027,23802,40.70376752514994
28029,28721,36.773522644919744
28031,19091,45.84659943422154
28033,176132,353.23183479099356
28035,75517,160.45076449085153
28037,7757,13.55309916248104
28039,23710,48.89988705582216
28041,13714,19.047702880620363
28043,21278,47.200026060451385
28045,46653,95.60711485661474
28047,202626,331.8896327082277
28049,241774,274.0931213730528
28051,18075,23.511650477707246
28053,8539,19.65611834109317
28055,1328,2.9858810036057974
28057,23480,43.387372677418625
28059,142014,184.19397459105312
28061,16529,24.32079336783942
28063,7346,13.891804853644175
28065,11495,27.98204521508522
28067,68454,97.62302287420381
28069,10107,13.163861454694961
28071,53459,78.50133656773103
28073,61223,121.84375885282077
28075,77323,107.95796296435763
28077,12630,28.871866417151175
28079,22870,38.97941564312209
28081,84915,187.28069413342004
28083,29804,48.88896759585778
28085,34432,58.23251165231291
28087,59437,114.94237029964542
28089,103498,138.8679253936295
28091,25202,45.77953670335654
28093,35787,50.27171963058738
28095,35840,46.3749945403066
28097,10198,24.930118964280535
28099,29376,51.24321183438981
28101,21524,37.02864458611766
28103,10828,15.454385404326818
28105,49481,106.8824253799578
28107,34243,48.34760504211024
28109,55149,67.20645356357558
28111,12028,18.44500609995922
28113,39737,96.16345850411905
28115,31315,62.42273267330173
28117,25360,60.419106323777456
28119,7372,18.015255518953914
28121,151240,186.76691634466715
28123,28415,46.33288916427671
28125,4511,10.322245069207586
28127,27073,45.55556926534983
28129,16063,25.137235414955928
28131,18375,40.936412477523056
28133,26532,37.31799856508648
28135,14361,21.94146882146531
28137,28493,69.15074738976583
28139,21990,47.69500085134603
28141,19478,43.8477994946041
28143,10170,21.070005922575113
28145,28356,67.77384600247667
28147,14601,36.011862129155354
28149,47075,75.79573297631006
28151,47086,61.632764213621805
28153,20422,25.03323432209377
28155,9828,23.178907284671542
28157,8990,13.019392253179607
28159,18358,29.98643818561248
28161,12421,25.001844717912935
28163,27974,29.77687031364513
29001,25325,44.00308256498092
29003,17403,39.233631661097604
29005,5270,9.43137173894706
29007,25735,36.62333947881299
29009,35493,44.27246630890248
29011,11850,19.703572767789304
29013,16374,18.968809498286227
29015,18989,25.095742499756817
29017,12281,19.739435285465554
29019,176515,253.72873013463982
29021,89076,212.31655048286927
29023,42733,60.88407246813843
29025,9049,20.88420949619294
29027,44840,52.4312507103299
29029,45096,63.12476079276142
29031,78324,133.41946071150096
29033,8843,12.468694728984506
29035,6197,12.103768493617919
29037,102678,144.02491470077638
29039,13938,27.63831096999683
29041,7546,9.734171894241042
29043,84275,148.3376232899236
29045,6800,13.156774752933462
29047,239164,576.9522716553868
29049,20475,47.8234871703142
29051,76740,190.721973563079
29053,17622,30.609921837152058
29055,24280,32.590972407887726
29057,7590,14.80732379895856
29059,16499,30.07651633160474
29061,8302,14.358561653363896
29063,12564,29.032983075867573
29065,15504,20.410892933391473
29067,13374,16.265545179493838
29069,30428,55.41370082987917
29071,102781,109.76542556128588
29073,14746,27.91627191438005
29075,6665,13.413806755872452
29077,288429,419.945992589077
29079,10039,22.657648897356566
29081,8554,11.65834548929892
29083,21765,29.354579686759596
29085,9368,22.400684129442475
29087,4456,9.282413831114871
29089,10113,21.22476787558245
29091,40102,42.91180723402079
29093,10221,18.44202968587686
29095,692003,1107.952816608137
29097,119238,182.48944618027917
29099,223302,334.38400860403834
29101,53689,63.60481910250763
29103,3951,7.762735029919427
29105,35507,45.91321319053378
29107,32589,50.33811731063197
29109,38133,61.36878241453168
29111,10027,19.510369334772
29113,55563,86.09476797518074
29115,12186,19.429979799632896
29117,15076,27.69777429259944
29119,22827,41.64550365026246
29121,15254,18.642497520611297
29123,12205,24.256792748991636
29125,8884,16.656165380465943
29127,28672,64.28449531501884
29129,3664,7.992046975568739
29131,25049,41.42283285596895
29133,13748,31.961022268900564
29135,15958,37.87514990810647
29137,8654,12.84161914950591
29139,11545,21.23770289885782
29141,20137,32.37727554913068
29143,17811,25.447110918224432
29145,58202,91.7301671905798
29147,22547,25.31302292956272
29149,10699,13.429766121009708
29151,13619,22.025057439940763
29153,9236,12.11543833767412
29155,17031,33.045907416333065
29157,19146,39.36425946512953
29159,42371,61.035866540101935
29161,44789,65.92246588956054
29163,18489,26.910908995921933
29165,98824,227.50083834163905
29167,31549,48.471142116917186
29169,52591,94.64519342257103
29171,4815,9.14740944749257
29173,10217,20.961735012158986
29175,24945,50.708059855026534
29177,22825,39.17086203025437
29179,6315,7.7135426829177485
29181,13693,21.579317194597657
29183,389985,658.4602587141163
29185,9383,13.201214593111839
29186,17871,35.18000055978844
29187,66342,145.61007376026706
29189,998684,1897.729105097269
29195,23102,29.87472410362448
29197,4502,14.472795216722181
29199,4898,11.057835917635636
29201,38729,90.47060683829865
29203,8246,8.173755057521197
29205,6061,11.967656626605452
29207,29512,35.51423809189389
29209,31527,60.91349988651815
29211,6317,9.62197813164047
29213,54720,83.20968377488803
29215,25671,21.506789233625668
29217,20691,24.259814685500125
29219,33908,76.74105384684826
29221,24931,32.413785011537044
29223,13308,17.12733486056701
29225,38082,63.486328022751884
29227,2040,7.51485250637992
29229,18293,26.58674783861884
29510,311273,4682.011249959856
30001,9393,1.509036323767382
30003,13376,2.4853350422940435
30005,6727,1.4777919863010611
30007,5834,4.274716888881928
30009,10546,4.712611846709851
30011,1318,0.3735080808679632
30013,81746,27.54146323464837
30015,5789,1.3339657851645588
30017,11845,2.9496169009362165
30019,1753,1.1682845374626436
30021,9191,3.663593895592203
30023,9100,11.023396903516824
30025,2838,1.6624771799674316
30027,11273,2.4018743727279435
30029,98082,16.78882488705852
30031,104729,36.15078200702761
30033,1141,0.22102264204310698
30035,13699,4.098189000784398
30037,724,0.5697477111512604
30039,3269,1.691656428892325
30041,16439,5.219896171465671
30043,11778,6.425169157835621
30045,1951,0.9588149449522635
30047,29774,16.131814015375667
30049,67077,17.389113334607195
30051,2280,1.4405457796025838
30053,19358,4.6979695206190675
30055,1630,0.5751024312474169
30057,8218,2.059059696994095
30059,1968,0.751143494352147
30061,4211,3.058682184068447
30063,115983,39.69089643949955
30065,4807,2.3829413712305376
30067,16246,5.265966318229026
30069,432,0.2405356824977452
30071,4124,0.7408957637798014
30073,6044,3.3485474309953407
30075,1619,0.46249977787195085
30077,6861,2.651418960708202
30079,1342,0.7289617565214528
30081,41902,15.570585842964144
30083,11360,5.146027178730007
30085,11228,4.503465168194897
30087,9250,1.7279657712372594
30089,11521,3.676468255878687
30091,3574,1.9995693179435416
30093,34814,43.621923190106216
30095,9410,4.79753449615165
30097,3653,1.8084546689850127
30099,6080,2.4164567695590273
30101,4976,2.3411607270151342
30103,777,0.7373801854202537
30105,7532,1.4035297965806337
30107,2149,1.3862348558799031
30109,1175,1.2574554278082888
30111,157816,55.26212210994972
31001,31583,54.37236052631034
31003,6372,7.2325719746871515
31005,418,0.5565972539813155
31007,696,0.8821564857308553
31009,480,0.6502352788254248
31011,5313,7.522925202725171
31013,11089,9.749520072781067
31015,2042,3.6462068406703647
31017,2988,2.3600141535647476
31019,49030,48.67851336854157
31021,6528,12.891429065931044
31023,8067,13.353387000794706
31025,25702,44.57940403803189
31027,8523,11.211370421739183
31029,3734,3.9899208138639337
31031,5790,0.9265294342348138
31033,9852,7.8180312425595675
31035,6232,10.577164673274261
31037,10760,25.27331526859432
31039,8991,15.319636929738392
31041,10830,4.067738972039401
31043,20317,74.49188743107953
31045,8896,6.050069300871599
31047,23804,22.55498797346845
31049,1894,4.097439464350348
31051,5746,11.623183849126807
31053,36683,66.24146243401935
31055,554992,1606.6569494602413
31057,2023,2.0945981397709015
31059,5574,9.428253873011958
31061,3006,5.057718176640311
31063,2609,2.566684573641179
31065,4786,6.3847430715055
31067,21595,24.576986081662227
31069,1860,1.0258523244676503
31071,1975,3.35269823110533
31073,2015,4.19768207162551
31075,718,0.8769279357535215
31077,2410,4.101477477355794
31079,61343,107.96370950755978
31081,9178,16.402322836350645
31083,3438,5.795130518046099
31085,943,1.2662279106528345
31087,2843,3.7969622344091642
31089,10245,4.121616107074554
31091,691,0.9203033488256822
31093,6405,10.841038471863351
31095,7188,12.18359403055818
31097,5197,13.523037329733768
31099,6552,12.310236932940578
31101,8099,7.000847567209734
31103,792,0.9893570745583827
31105,3667,3.6393773511119862
31107,8460,7.239511723842423
31109,310094,358.5673518199989
31111,35433,13.220817534579302
31113,886,1.4902261936850307
31115,585,0.9895094701285764
31117,454,0.5065465615765864
31119,35164,59.676467137597825
31121,7803,15.291805644535831
31123,4841,3.2147051399893085
31125,3554,7.723969995574218
31127,7004,16.770036629862755
31129,4275,7.225303660809888
31131,15896,25.205371405357553
31133,2676,6.057706912294989
31135,2907,3.1294107071372324
31137,9120,16.369643879924414
31139,7157,12.17241604543619
31141,33063,47.146039860437796
31143,5255,11.660509318737564
31145,10806,14.47789954776735
31147,8009,14.18640569271146
31149,1350,1.2932944112891396
31151,14288,24.228223093065967
31153,178351,707.8334592948719
31155,21024,27.13249012114605
31157,36255,46.00887775501579
31159,17127,29.08509731534379
31161,5234,2.023731386417484
31163,3042,5.148234902897719
31165,1266,0.580915315844551
31167,5992,13.586492121286826
31169,5098,8.634653683521588
31171,645,0.87013422798768425
31173,7140,17.67207844942601
31175,4224,7.185800571488013
31177,20219,50.30836416780041
31179,9367,20.66373466282137
31181,3571,6.02524415292644
31183,822,1.3904719669597638
31185,13799,23.368063607231868
32001,24010,3.945878139381703
32003,2141574,224.12459966716017
32005,47828,52.546472169732034
32007,52252,2.6147834480070014
32009,981,0.2251678478350606
32011,1830,0.37056020058835015
32013,16904,1.4662763517617627
32015,5746,0.8749393870660094
32017,5174,0.4137247403889702
32019,53155,21.421030902352665
32021,4448,0.9556378780169471
32023,43705,2.009898579500913
32027,6611,0.9054099886447629
32029,3941,12.137622247245567
32031,450486,56.4612558332227
32033,9737,0.9379377692121265
32510,54467,280.24760615336857
33001,60640,124.48636200335687
33003,47840,46.62028003525176
33005,76263,101.49760887979325
33007,32038,16.940847183533986
33009,89811,49.793038640519164
33011,411087,446.6146118164777
33013,149452,151.79028126571873
33015,305129,405.896725367545
33017,128237,324.68724148457625
33019,43125,75.9035519942139
34001,268539,430.1510272689135
34003,929999,3695.020590225834
34005,446367,532.9564357954905
34007,507367,2186.5869245636204
34009,93705,320.2315889623025
34011,153400,298.24493648790985
34013,793555,5976.099563445871
34015,290852,846.2789615984346
34017,668631,11065.274472183204
34019,125051,280.37504461004363
34021,368762,1573.083220916983
34023,826698,2527.148777888417
34025,623387,1253.3960971924064
34027,494383,1006.2700902541449
34029,591939,764.1457606028087
34031,504041,2478.0028534210273
34033,63336,178.23667056895835
34035,330176,1061.0631659952253
34037,142298,260.31405293600756
34039,553066,5146.2619876967
34041,106293,287.5164831698145
35001,677692,530.4130918714961
35003,3539,0.45835091568689823
35005,65459,9.990474519309299
35006,26978,5.357358920258203
35007,12353,3.054969843088015
35009,50199,33.40406977068549
35011,2060,0.820928029748142
35013,215338,51.199394201491515
35015,57437,12.688377199399701
35017,28061,6.3250316516429335
35019,4382,1.340652843302377
35021,459,0.2018977762788061
35023,4371,1.128009630349407
35025,70126,14.907492072223317
35027,19482,3.711061871624433
35028,18356,155.15298933406703
35029,24264,7.344274080644107
35031,72849,12.052834236977779
35033,4563,2.1945195812509755
35035,65745,9.084928402716844
35037,8373,2.72422821066005
35039,39307,6.1095095278570595
35041,19117,7.287322587439185
35043,140769,34.58064020325768
35045,127455,20.80428093841676
35047,28034,5.490757732027443
35049,148917,71.69697467755849
35051,11135,2.3772203752242036
35053,17000,2.3242111521694784
35055,32888,13.7913753232953
35057,15595,4.285873191836306
35059,4175,1.0233585278748156
35061,75956,64.78254929920466
36001,307426,563.1401454346964
36003,47025,45.04545573545739
36005,1437872,27603.07514535949
36007,194402,267.524631525554
36009,77686,58.17918981132299
36011,77868,104.3637169255328
36013,129656,118.91162569848059
36015,85740,206.17438383032842
36017,48348,52.90943731579385
36019,80794,70.6841612486982
36021,60919,91.69271323794446
36023,48123,94.48681665576046
36025,45502,30.409460660759503
36027,293894,347.17942373805096
36029,919866,866.528018209761
36031,37751,19.27540788020338
36033,50692,29.34412366235405
36035,53743,98.90334062675396
36037,58112,116.56077696253992
36039,47617,70.85140537988433
36041,4575,2.4796145002545775
36043,62505,42.071837389512126
36045,114448,80.91588829496108
36047,2600747,30779.536927512523
36049,26719,20.363644500947807
36051,63907,98.57970040528787
36053,71359,106.13552467390494
36055,744248,1106.1898223697822
36057,49426,117.88408573524006
36059,1356564,4056.935524013313
36061,1632480,46284.76190545473
36063,211704,393.86632153690357
36065,230782,180.37457267157663
36067,464242,567.8752354870962
36069,109472,163.56975929110774
36071,378227,441.9536462922898
36073,41175,103.57034182951362
36075,119104,115.29161584932494
36077,60244,58.26518761705429
36079,99070,392.88441276639503
36081,2298513,17728.042500810498
36083,159431,234.269459445405
36085,474101,7397.897306639321
36087,323686,1588.513449167299
36089,109558,38.141594606329406
36091,227377,263.417694270451
36093,154883,723.7735875875674
36095,31364,49.01563904494112
36097,17992,52.03486745566449
36099,34612,87.54376875865293
36101,96927,68.22375846990668
36103,1487901,1243.3231855320207
36105,75211,73.84756681772103
36107,49045,92.39697019343978
36109,102962,206.64405761314157
36111,179303,151.10169862311133
36113,64480,67.64439635216786
36115,61828,71.37150312191365
36117,90856,146.711313892025
36119,968815,1978.3817702356234
36121,40565,67.41089201590214
36123,25009,65.56663554006371
37001,160576,368.2496729750168
37003,37119,140.32460447985878
37005,10973,46.19199525542185
37007,25306,46.85614378211468
37009,26786,62.407918175113544
37011,17501,70.5936950597865
37013,47243,53.93865612684758
37015,19644,27.03994401167854
37017,33778,37.69874539407534
37019,126860,140.30398759986565
37021,254474,384.795645452216
37023,89712,173.85291218931877
37025,201448,548.699320476693
37027,81779,171.43635284633586
37029,10447,41.49319326956294
37031,68920,103.05728064368236
37033,22746,52.692190229520165
37035,156729,375.8497755833436
37037,69791,97.58297093457846
37039,27668,59.32518024980704
37041,14205,77.54742933234388
37043,10813,48.92488254777267
37045,97159,206.85779427490337
37047,56293,58.32241272000035
37049,103082,136.65600543535405
37051,332106,498.81793315691766
37053,25796,84.98303510001067
37055,35741,76.22433637697401
37057,164664,288.16532432891336
37059,41991,156.45372906599687
37061,59062,71.1904454645906
37063,306457,1022.3829626298291
37065,53332,103.59052224594022
37067,371573,895.9265736076899
37069,64902,129.66569264108233
37071,216585,592.511017181823
37073,11563,32.9069874035055
37075,8557,28.3428870455695
37077,58874,108.38983086845619
37079,21008,77.56873600523171
37081,523582,788.232661136669
37083,51737,70.09204337944428
37085,130361,214.76754556079896
37087,60433,108.98207549223143
37089,113625,303.73225692727476
37091,24153,66.18893488922747
37093,53239,134.7670269364797
37095,5393,7.035262167565869
37097,172525,287.0724492925845
37099,42256,85.44391565243458
37101,191172,236.9326816944208
37103,9695,20.235417883891166
37105,60125,230.03565534086906
37107,57227,140.46681858143214
37109,81441,265.7787016664642
37111,45109,101.05142375745942
37113,34410,66.23597988101149
37115,21405,47.36263035887373
37117,23054,49.89368123388717
37119,1054314,1923.2282695393708
37121,15040,67.19544546385414
37123,27338,54.19284246743672
37125,95629,134.77580977537482
37127,94003,171.35921789348734
37129,224231,1005.9177183976732
37131,20186,36.18355550156855
37133,193912,234.2526847289711
37135,142938,353.67565031806373
37137,12742,32.06004621849855
37139,39479,166.66770158925237
37141,59020,66.02821296975702
37143,13459,51.974502351173506
37145,39305,96.32887650148777
37147,177372,266.498654620083
37149,20458,85.15006801550024
37151,142958,179.7347930188282
37153,45189,93.39340256365581
37155,133442,139.32792275558802
37157,91270,158.5024777955059
37159,139605,266.03479864005004
37161,66532,117.09655486410021
37163,63561,66.3396634506025
37165,35262,108.81959760037795
37167,61114,149.75349420308424
37169,45905,100.37620348103778
37171,72099,133.0779383687267
37173,14254,26.330739787461987
37175,33513,87.45328114838
37177,4119,9.73443070128424
37179,226694,352.7972158734218
37181,44482,163.7467935603742
37183,1046558,1209.8284531949323
37185,20033,44.55434984193518
37187,12156,31.77673298381439
37189,54117,172.54272841607485
37191,124002,219.68345701048779
37193,68460,90.0921301819057
37195,81336,216.24655695217245
37197,37665,111.14593648730923
37199,17667,56.43072375074641
38001,2351,2.2788740888313126
38003,10836,7.00762791380051
38005,6886,4.668191532553308
38007,946,0.784176828041031
38009,6589,3.764955746748915
38011,3195,2.610165264037108
38013,2213,1.8886936747205383
38015,93737,54.45515151227323
38017,174202,96.67256429126346
38019,3824,2.4784414533485246
38021,4970,4.246545531035345
38023,2369,1.756816654705312
38025,4387,2.0256772630421147
38027,2313,3.5074961353363148
38029,3352,2.0893841805961495
38031,3290,4.96834394029957
38033,1882,1.7912128302596984
38035,70400,48.017737384964846
38037,2380,1.3755703215873398
38039,2266,3.092640881043725
38041,2576,2.1795379533795987
38043,2460,1.6693061447912947
38045,4100,3.478556132555057
38047,1927,1.856109365049499
38049,5927,3.0095159301344365
38051,2654,2.594477091010947
38053,12536,4.202639366445129
38055,9608,3.9843035527584534
38057,8570,7.434371810964259
38059,30544,15.147619807021806
38061,10152,5.034772210144621
38063,2920,2.8325621036333195
38065,1837,2.4366920823051768
38067,7016,6.13908359110407
38069,4210,3.7802326241257966
38071,11557,8.676743320180245
38073,5361,6.0837707312176255
38075,2495,2.7067201229005793
38077,16288,11.058297919486803
38079,14603,15.14974217788502
38081,3883,4.378911884175698
38083,1405,1.3570907890903636
38085,4413,3.7838408413382663
38087,704,0.5527424316985105
38089,30876,22.143046244837787
38091,1910,2.6163591864251674
38093,21064,8.9389292786556709
38095,2246,2.1038040692433926
38097,8019,9.131708026912808
38099,10802,8.184749691246672
38101,69034,32.46966943524788
38103,4055,3.0583865191909174
38105,34061,15.181566251810713
39001,27878,47.70341976567796
39003,103642,254.46499162137476
39005,53477,124.44983741426904
39007,98136,137.9829719368587
39009,65936,129.53758723138117
39011,45784,113.80923121730879
39013,68472,126.40088068851617
39015,43679,88.44284923759847
39017,378294,802.4406170635842
39019,27578,68.88862172426553
39021,38864,90.46066460149851
39023,135198,335.46415255517485
39025,203216,441.972936246599
39027,41896,101.43961015368232
39029,104003,193.55386232549162
39031,36574,64.39399920536779
39033,42021,104.44142350016737
39035,1253783,2722.4260846468624
39037,51734,86.53440075466499
39039,38279,92.62134945506705
39041,197008,430.88723253203847
39043,75136,263.8889530665065
39045,152910,300.1578621488824
39047,28645,70.21823137237138
39049,1275333,2336.829206808297
39051,42305,104.20179893885032
39053,30195,63.91151598101394
39055,93961,229.8920794452172
39057,165811,398.6164361368183
39059,39274,73.98351511596411
39061,812037,1968.9564263662417
39063,75690,141.6368768746198
39065,31542,66.9188908336582
39067,15307,36.93939407557223
39069,27316,64.84663322647299
39071,43007,76.97134714568762
39073,28495,67.15907828459066
39075,43859,103.62778955145036
39077,58457,117.63057862973821
39079,32524,77.10360792772671
39081,66886,162.49156058800267
39083,61215,114.7245906273619
39085,230052,988.987018951202
39087,60622,132.37526982729923
39089,172293,250.56499030889708
39091,45307,97.23068085661458
39093,306713,618.446571834923
39095,432379,1226.0549322336972
39097,43988,94.44501524761503
39099,231064,541.8310815904109
39101,65344,160.85391305266143
39103,177257,418.81265449446505
39105,23160,53.28817894926982
39107,40806,86.20421852206475
39109,104800,253.15482538114045
39111,14090,30.633338752039567
39113,532034,1142.8048436146285
39115,14702,34.62833742375798
39117,34976,86.80964664690147
39119,86076,127.39969183637803
39121,14443,35.750310843886474
39123,40709,136.08035628807454
39125,18872,45.01591565442338
39127,35985,87.5664701224756
39129,57420,113.58642232434619
39131,28214,63.503174923304286
39133,162644,321.0513122831868
39135,41207,96.64353287033447
39137,33969,70.1391255773709
39139,121324,242.59907020897498
39141,77051,110.81052954414692
39143,59299,141.80529631787476
39145,76377,123.56423627019196
39147,55475,100.24934396149769
39149,48797,119.2215235476813
39151,373475,641.0082687098042
39153,541810,1286.022655383552
39155,201794,315.18318983209195
39157,92526,160.8651109040995
39159,55654,127.1489775252866
39161,28281,68.9323494508105
39163,13111,31.53074132786031
39165,226564,557.2945608229327
39167,60671,94.21573587468201
39169,116208,208.58159305423857
39171,36936,87.28238534614616
39173,129936,209.6142810598503
39175,22107,54.201153516155806
40001,22113,37.73622473553169
40003,5857,6.450293274550435
40005,13874,13.70254665932925
40007,5415,2.852306484615828
40009,22621,23.856180736697695
40011,9634,9.940253351439248
40013,45759,47.386636883857676
40015,29342,21.96840885209743
40017,136710,146.17700425138312
40019,48406,56.49310627991214
40021,48599,61.54765361074189
40023,14886,18.19574931966393
40025,2189,1.1255998126980684
40027,276733,483.0816828143113
40029,5618,10.514675645046651
40031,122561,109.39187948219354
40033,5929,8.916783672415312
40035,14493,18.68736976509223
40037,71160,71.70169098074282
40039,29209,28.13285969122374
40041,42112,52.35604391042575
40043,4918,4.6991717811332965
40045,4072,3.1775302949121014
40047,62190,56.947202599601056
40049,27823,33.25338582948758
40051,54733,48.0039522355667
40053,4418,4.298638287075479
40055,5943,8.927233011582329
40057,2721,4.84577577193819
40059,3847,3.557910802164955
40061,12704,20.004414335648402
40063,13460,16.175782561933094
40065,25384,30.41501801464698
40067,6223,7.777552620049972
40069,11041,16.360573877701405
40071,44880,46.25312053696079
40073,15618,16.75084099428465
40075,9001,8.417400535832508
40077,10495,14.072244276562472
40079,49909,30.509461881164903
40081,34854,35.26812458108998
40083,46044,59.8336771139302
40085,9933,18.14360151187797
40087,38634,64.92325664283167
40089,32966,17.068842206146222
40091,19819,27.205982563171418
40093,7718,7.82379656615087
40095,16376,37.34352720481845
40097,40980,58.630737751910864
40099,13875,31.777920304348648
40101,69084,80.7112542076172
40103,11411,14.969184953599955
40105,10383,17.533399643659415
40107,12115,18.819972969933428
40109,782051,1059.8708758040616
40111,38889,54.22917984436549
40113,47311,20.08008099795187
40115,31566,63.941584310583494
40117,16428,26.965851396187126
40119,81512,113.8334932615357
40121,44382,31.57274561993966
40123,38358,51.62553264268494
40125,72000,88.2459299329894
40127,11119,7.669044401697894
40129,3708,3.104370387176144
40131,90814,125.71029569607344
40133,25071,38.234779755313525
40135,41359,56.86240598535714
40137,43983,47.849634182706275
40139,21121,9.814280757617995
40141,7515,8.23327899636975
40143,642781,1071.3962709905395
40145,77850,129.25218231195626
40147,52001,120.03466104290321
40149,11432,10.965041485103171
40151,9127,6.812774044250253
40153,20967,16.190160072266544
41001,15984,4.441443518108932
41003,89780,107.11829910246848
41005,405788,177.53971855484463
41007,38562,37.0317854258996
41009,50851,60.324315554690436
41011,63308,30.950255532843055
41013,22337,6.230148265981165
41015,22507,10.871495787849367
41017,180640,48.651530137916
41019,108323,17.1471217255394
41021,1907,1.31641048732689
41023,7183,1.3427392682874653
41025,7228,0.5926543488827594
41027,23131,36.018755036867695
41029,214267,61.30561796955896
41031,23143,10.7041894374857
41033,85481,41.384470011856024
41035,66310,8.784451733880497
41037,7843,0.7744997826761727
41039,368882,64.72578680177618
41041,47881,38.79865291985818
41043,122870,43.46194853744537
41045,30431,2.6071812593391286
41047,335553,230.55727551255956
41049,11215,4.6230457442396915
41051,798647,1414.5341592854413
41053,81427,88.72730656583435
41055,1605,1.6174201292840997
41057,26076,18.856755071607527
41059,76898,20.333427290836212
41061,26028,10.954839869003775
41063,6924,1.9020953834491678
41065,25866,8.997960459081316
41067,581821,655.3994795793475
41069,1426,0.6962307491884481
41071,103820,117.74618985560163
42001,102023,193.2177887886239
42003,1225561,1638.6333479225477
42005,66331,99.02907335836522
42007,166896,373.79197531558685
42009,48611,47.36212602003708
42011,416642,472.733668736726
42013,123842,233.18650830553048
42015,61304,52.096925622671186
42017,626370,987.9905080508887
42019,186566,233.80301887563502
42021,134550,192.97323968187575
42023,4686,11.660936052257284
42025,63931,161.62119746770745
42027,161443,143.5149818730523
42029,517156,670.0125912059245
42031,38827,63.39225016996312
42033,80216,68.76163827091486
42035,39074,43.11046088534984
42037,66220,132.8226585544918
42039,86164,82.62651384951526
42041,247433,443.01535342205096
42043,274515,485.90371965026037
42045,563527,2883.426240818933
42047,30608,36.54731081934017
42049,275972,339.2859968792131
42051,132289,164.5458153541403
42053,7351,17.07098821989695
42055,153751,197.06308390328485
42057,14506,32.75269609368774
42059,37144,63.976256850840336
42061,45421,50.53823094827106
42063,85755,101.73841721392905
42065,44084,66.58645360992008
42067,24562,61.787873066088466
42069,211454,446.00609456320757
42071,538347,539.1419692839739
42073,87382,239.93921723336084
42075,138674,376.6783324797923
42077,362613,1024.566960609877
42079,317884,345.7426134371779
42081,114859,90.92373361723673
42083,41806,42.068704016339915
42085,112630,164.12625567350074
42087,46362,110.39782759441722
42089,167586,267.40255003227935
42091,821301,1655.7510528972757
42093,18294,135.79766991295165
42095,301778,782.1852044660077
42097,92325,191.07995570980722
42099,45924,81.55403108026167
42101,1575522,10789.494228276737
42103,55498,96.12978870167137
42105,16937,15.49812228790825
42107,143555,180.6429971267777
42109,40466,120.28676392181957
42111,74949,68.81563972381915
42113,6177,13.43383478065536
42115,41340,48.81849918914826
42117,41226,35.95955187344074
42119,45114,139.95321616833374
42121,52376,76.24871577479651
42123,40035,44.11798626784213
42125,207547,239.96156535712467
42127,51536,67.37904968177156
42129,354751,339.5772625770156
42131,27588,67.1415486358143
42133,444014,480.8380834074772
44001,48900,1523.0968011778186
44003,163861,902.0444672084843
44005,83075,711.4961589093781
44007,634533,1418.545177216195
44009,126242,347.5224042249138
45001,24657,48.05148980121596
45003,166926,153.92870225856979
45005,9214,22.287870117438473
45007,195995,258.86914543078933
45009,14600,36.756294660413765
45011,21577,38.61502110096481
45013,182658,256.3073217566753
45015,209065,168.9345464481934
45017,14713,37.453156118922344
45019,394708,381.1123598660919
45021,56711,142.2071990701125
45023,32326,54.89490122116471
45025,46024,56.696930508650716
45027,34017,48.619096247024345
45029,37568,34.6323368511173
45031,67253,117.93003819531488
45033,30871,75.31387487247066
45035,155474,268.9197826885641
45037,26769,52.764632509227546
45039,22712,31.93688579850295
45041,138561,171.131718921693
45043,61605,69.88873888747783
45045,498402,627.0470890356602
45047,70264,151.60300247167905
45049,19807,35.06872207214647
45051,320915,277.27986987096915
45053,27900,41.23425210354155
45055,64361,86.54345695377208
45057,89546,160.52797110745405
45059,66710,91.80369307631172
45061,17606,42.53584213631889
45063,286316,376.6237782016796
45065,9606,24.299830509094505
45067,31562,63.55245261615389
45069,27131,55.50524929987281
45071,38068,58.604538721899715
45073,76696,113.70558188729848
45075,88454,78.0725424490719
45077,122746,238.9980438421693
45079,408263,525.7121074948192
45081,20299,43.735477816553605
45083,302195,367.0936831228323
45085,106995,155.55656867919492
45087,27644,53.4412492260008
45089,31794,33.602755853257804
45091,258641,370.52261597996556
46003,2759,3.7629253766970714
46005,18374,14.165670055851471
46007,3437,2.764165131322326
46009,6969,11.712910216834462
46011,34239,41.77403367135788
46013,38840,21.930067812918573
46015,5256,6.037957473598248
46017,2053,4.093137803391218
46019,10177,4.282768914404455
46021,1435,1.8069895326141374
46023,9344,7.898889390177822
46025,3673,3.7106564327559877
46027,13925,32.69350397125592
46029,27993,38.31321512946215
46031,4168,1.5910118288562867
46033,8573,5.226146276330455
46035,19901,44.424776530452384
46037,5506,4.938224006972834
46039,4306,6.635136656318436
46041,5779,2.2814891707621245
46043,2930,6.59027648483668
46045,3940,3.3276715567512603
46047,6774,3.6777830961430302
46049,2322,2.2459009900171885
46051,7217,10.296899252425765
46053,4201,3.871241583889562
46055,2082,1.0961432490535037
46057,6000,10.913649290236096
46059,3301,2.229247182186501
46061,3397,7.638955165103954
46063,1311,0.46584639959799923
46065,17617,21.298656446487268
46067,7315,8.76931018775164
46069,1331,1.4926531634844225
46071,3287,1.6881287288673124
46073,2029,3.712929369839144
46075,735,0.729235808858447
46077,4967,5.628021895864228
46079,12574,21.435485005634796
46081,25234,29.962828423392136
46083,54914,93.11307045032441
46085,3869,2.196272689861019
46087,5511,9.344607955965177
46089,2364,1.9996295471379832
46091,4895,5.417581569438183
46093,27424,7.520112328525884
46095,2055,1.5132557332089336
46097,2229,3.810275107578363
46099,186749,225.01993413522783
46101,6506,12.231565205364818
46102,14335,6.5291053812856745
46103,109294,37.510796695528306
46105,2907,0.9672869295111057
46107,2326,2.511338913510429
46109,10285,8.894929301679374
46111,2388,4.0770691877769325
46115,6543,4.227981453062801
46117,2997,1.9094168895760657
46119,1331,1.2037268932020646
46121,10146,7.0253621310794525
46123,5468,3.2732241755503773
46125,8264,13.102435609220798
46127,15177,31.810514134422625
46129,5510,7.17099639307378
46135,22717,41.67766410889265
46137,2814,1.3742347819834595
47001,75775,220.26890137040692
47003,47558,99.84686454819334
47005,16112,36.885034959588005
47007,14602,35.85571540300014
47009,128443,226.56897307519935
47011,104557,316.22368371059025
47013,39687,79.61173728450514
47015,13976,52.46564379172637
47017,28018,46.64085184389203
47019,56391,162.31266557222764
47021,39929,130.0125427820367
47023,17150,59.845715824806405
47025,31613,71.50557399630262
47027,7686,29.547966687259102
47029,35336,79.56002974737987
47031,54531,125.49859687751017
47033,14499,54.21447879196685
47035,58634,85.53145203989611
47037,684017,1304.0970397404808
47039,11683,33.945560305498766
47041,19601,59.68293711121533
47043,51988,106.02567792621419
47045,37576,71.20180989230515
47047,39692,56.04467882602751
47049,17994,36.162088319590616
47051,41512,72.15132514132647
47053,49175,81.40416376847321
47055,29167,47.656136846381074
47057,23013,76.1654066644057
47059,68669,109.51126459524666
47061,13331,36.87828068299486
47063,63740,364.03322597865804
47065,357546,619.7257084809017
47067,6585,29.27984154076051
47069,25562,38.06933437577855
47071,25771,43.156525896874456
47073,56402,113.00102410496046
47075,17779,33.22149101072276
47077,27859,52.8403381299136
47079,32279,54.1794949553958
47081,24678,40.229406712243886
47083,8176,39.34025031360889
47085,18318,32.90256529105431
47087,11615,36.35041090901768
47089,53247,169.54383556645635
47091,17789,58.30241145160257
47093,456185,866.0328713772313
47095,7526,38.66727821107532
47097,26297,51.62655360959924
47099,42937,69.83235778556342
47101,11956,42.281596881420306
47103,33711,58.95721715191374
47105,51610,207.80624098116618
47107,52773,121.57726474968199
47109,25903,45.84763935946802
47111,23487,76.53527177032186
47113,97682,174.50672887003407
47115,28417,55.36348896440497
47117,32269,85.5563995688435
47119,89776,145.60358356502346
47121,11962,55.37611845575989
47123,45876,70.33453120047736
47125,196387,361.4070451327966
47127,6322,49.44088344868832
47129,21596,41.26446905959852
47131,30520,54.82117329110597
47133,22004,50.57597668044309
47135,7912,18.669688488374877
47137,5088,29.114522481483302
47139,16782,37.91882125116769
47141,76440,190.30552569834654
47143,32628,97.16684303230065
47145,52897,133.97476565133528
47147,69344,145.2589202444615
47149,307128,493.43504689622335
47151,21954,41.193016753163285
47153,14730,55.62894542266178
47155,96287,160.97100039124996
47157,937005,1188.9672589358659
47159,19458,59.88077747155824
47161,13301,26.948620827077335
47163,156734,364.26296490075725
47165,179473,331.24083578398205
47167,61446,129.5120539986043
47169,9573,81.34364825555507
47171,17780,95.21921404955663
47173,19293,78.10593069094286
47175,5704,20.671147984723554
47177,40454,93.30880166428304
47179,127055,384.25715622473757
47181,16649,22.53998351205125
47183,33626,57.80810470849646
47185,26580,70.25165602160563
47187,218648,375.23774448916674
47189,132663,226.55690506038724
48001,57863,52.29107007111202
48003,17818,11.138237250575006
48005,87607,99.45351683703129
48007,24763,75.05494142376811
48009,8789,9.16619599710877
48011,1916,1.9913000627835302
48013,48828,38.45250127603483
48015,29565,43.87534054949189
48017,7092,8.054308759652136
48019,21763,26.184294883455678
48021,82577,89.49670539280758
48023,3591,3.833256147301937
48025,32691,35.883027332738735
48027,342236,304.92285344180607
48029,1925865,1476.6630851860298
48031,11279,15.219077173988838
48033,665,0.6958327125267608
48035,18122,17.506701450051064
48037,93858,99.30036158312842
48039,353999,236.84726709439977
48041,219193,361.64977082035
48043,9216,1.3844332990690498
48045,1546,1.6322461246049498
48047,7180,7.322437776477953
48049,37834,38.227397671925836
48051,17863,25.63078397635169
48053,45750,43.215833945073165
48055,41401,73.16534671527656
48057,21807,28.022307326225704
48059,13770,14.668303562577101
48061,421750,398.1761871428585
48063,12813,62.37388496684139
48065,6032,6.21508954278456
48067,30087,30.817687600958603
48069,7787,8.175281674898756
48071,40292,62.385358256645645
48073,51903,47.85218052016069
48075,7226,9.689340407823682
48077,10387,9.015949408309309
48079,2904,3.5185506609332835
48081,3275,3.3628403645273894
48083,8391,6.244024543739655
48085,944350,1038.1331478796594
48087,2996,3.117506651657456
48089,21022,21.01836389544025
48091,135097,226.28491258567382
48093,13495,13.68028311837988
48095,4233,4.079000807795203
48097,39571,42.801086636841816
48099,75389,69.02745182279047
48101,1623,1.7207997055580488
48103,4839,5.762580589732246
48105,3633,1.2225107865999079
48107,5861,6.172056564723543
48109,2241,0.5427351966386545
48111,7243,4.545866682159678
48113,2586552,2772.4417038854963
48115,12964,13.566181144011246
48117,18899,11.92883299527928
48119,5215,18.273368169181808
48121,807047,823.124235861762
48123,20435,21.755201492490066
48125,2216,2.328769630587547
48127,10663,7.617434706077173
48129,3387,3.463225261175621
48131,11355,6.080459055508419
48133,18270,18.934292090423956
48135,158342,164.86849963151607
48137,2055,0.9228735102994899
48139,168838,173.06130440322784
48141,837654,750.9121075072584
48143,41482,36.775226201304775
48145,17299,21.706450581253982
48147,34175,37.174583088067045
48149,25066,25.36897061548742
48151,3883,4.111663499963625
48153,5872,5.617633216094484
48155,1408,1.907041462099524
48157,739342,815.4677378485891
48159,10679,35.55750643720166
48161,19709,21.56360210244922
48163,19394,16.370889521954506
48165,20321,12.703928584928471
48167,327089,739.3538340860116
48169,6288,6.662322787934704
48171,26208,23.723142844800307
48173,1430,1.50032001644529
48175,7531,8.489298546585822
48177,20667,18.69072085419166
48179,22685,23.32147427779689
48181,128560,128.1138888179107
48183,123494,438.8973925970804
48185,27630,33.68113852603546
48187,155137,209.50754326131485
48189,34113,32.15390257273924
48191,3074,3.2481113777958113
48193,8269,9.552017621337793
48195,5547,5.741892707143599
48197,3952,5.449393060209182
48199,56379,61.786308831259916
48201,4602523,2537.7647519408556
48203,66645,71.61809330490891
48205,5767,3.72207144077738
48207,5809,6.113512373717999
48209,204150,289.954653533677
48211,4061,4.263126520712333
48213,80460,83.0779835944857
48215,849389,516.2167973578984
48217,35399,34.9000301392614
48219,23162,24.039230869105793
48221,56901,126.26030778183706
48223,36240,44.831883634455004
48225,22955,18.208424478729853
48227,36667,38.40706470811353
48229,4098,0.8215183617729194
48231,92152,101.95816243773716
48233,21571,22.926443952006796
48235,1524,1.3771943558880242
48237,8842,9.28576378965387
48239,14820,16.811786235232294
48241,35504,36.277585140359704
48243,2234,0.9138386498937741
48245,255210,255.125422923987
48247,5282,4.461813831089407
48249,41192,45.73043058121735
48251,163475,215.7337494961765
48253,19891,20.33774314366111
48255,15387,19.699517138212098
48257,118910,143.57270453782158
48259,41982,61.05897368195438
48261,595,0.36775093594727254
48263,749,0.7918532424695766
48265,51365,44.320322502825434
48267,4408,3.368468823852705
48269,228,0.23870204387629648
48271,3675,2.5575440687104285
48273,31425,32.6133118638089
48275,3733,4.1846687569695655
48277,49532,52.04858494310161
48279,13262,12.296325952931284
48281,20640,27.93121334562735
48283,7409,4.751305258718931
48285,19941,19.904900172860536
48287,16952,25.990027368427317
48289,17098,15.432183578034493
48291,81862,68.11719592891123
48293,23515,24.559358921809764
48295,3469,3.569088577631867
48297,12123,10.825318536696852
48299,20640,20.541908242551727
48301,102,0.14032019844997284
48303,301454,316.55000456785484
48305,5808,6.143850502587874
48307,8098,7.223887341047596
48309,248429,227.92702547680946
48311,662,0.5514475010420101
48313,14128,29.122968481124268
48315,10083,23.626175393451156
48317,5614,5.784772645162435
48319,4161,4.287459424559157
48321,36743,25.88759539147499
48323,57970,42.63250763382239
48325,49334,35.44991650438233
48327,2123,2.248557743810575
48329,164194,171.571374913344
48331,24664,23.466270026914533
48333,4902,6.302836727937955
48335,8558,8.879475596086522
48337,19409,20.091907310281297
48339,554445,503.3582471366207
48341,21801,22.743229217877637
48343,12424,47.12724078244923
48345,1156,1.112838994740069
48347,65558,65.3862627991631
48349,48583,43.55942101740677
48351,14057,14.598818985113375
48353,14966,15.625676156976555
48355,360486,398.2922314507494
48357,10348,10.774714572377926
48359,2090,1.3078144618941299
48361,84047,217.1216810467962
48363,28317,27.760998121714447
48365,23440,28.067452177339195
48367,129802,137.9519378378665
48369,9852,10.477436466154177
48371,15797,3.105988670787237
48373,47837,42.30671837066979
48375,120899,124.30860217413989
48377,7123,1.7069431507612414
48379,11473,43.3946175824875
48381,132475,135.92763400067267
48383,3752,3.0152777749809956
48385,3389,4.6180605288077965
48387,12275,11.374469415513556
48389,15125,5.326481000493491
48391,7236,8.745411198683577
48393,885,0.9138985707438644
48395,16890,18.956159191544376
48397,93642,614.6003324651327
48399,10310,9.335419978010389
48401,53595,56.21641948593102
48403,10458,18.01985590580715
48405,8327,13.884491127549639
48407,27819,43.430271295685266
48409,67046,92.2016350021716
48411,5962,5.046845944957371
48413,3061,2.2273601852130103
48415,17239,18.05794973048301
48417,3311,3.472136237713465
48419,25478,30.124552991066537
48421,3058,3.1461993724579296
48423,225015,232.09023583170114
48425,8743,44.23261237096173
48427,63894,49.81626404204071
48429,9372,9.80912258135192
48431,1141,1.1727985543230257
48433,1385,1.435779623894388
48435,3865,2.52460649437785
48437,7484,7.872732627237699
48439,2019977,2177.7281932715778
48441,136348,141.86587151784698
48443,862,0.3436142254427634
48445,12615,13.333745395436054
48447,1567,1.6453996711943042
48449,32730,75.53017810516859
48451,117466,72.36639079629731
48453,1203166,1137.0445544367562
48455,14569,19.954169580951206
48457,21496,22.58629116885144
48459,40769,67.3618414295578
48461,3634,2.765316804493276
48463,27009,16.548724930038688
48465,49027,14.321847941605151
48467,54368,61.94320150577731
48469,91970,100.56829994683179
48471,71539,87.54666574808982
48473,49987,94.3139920814384
48475,11586,12.911322366077991
48477,34796,54.469402088999786
48479,272053,76.97423900404274
48481,41551,37.046480805334795
48483,5482,5.735687896749564
48485,131818,201.25041444273336
48487,12906,12.69005412202947
48489,21754,32.79602064964238
48491,527057,450.0968360537707
48493,48198,57.41181591093619
48495,7802,8.690564632967522
48497,64639,67.86606087197418
48499,43815,61.6975825493571
48501,8571,10.062828375689508
48503,18114,18.7274464726798
48505,14369,12.989756081919703
48507,12131,8.893193563664514
49001,6443,2.162903340274035
49003,53001,6.939093075327393
49005,122336,93.03103648338832
49007,20356,12.231553492920531
49009,612,0.7693499240884356
49011,340621,475.90047192714746
49013,20219,5.573286730396252
49015,10248,2.044715096488836
49017,5017,0.8498870796303162
49019,9616,2.351259687413519
49021,49691,13.017416767851849
49023,10948,2.817158286980878
49025,7350,1.5658045613727778
49027,12733,1.6235853468365196
49029,11391,16.580802732637057
49031,1904,2.1790433090415906
49033,2350,1.936787705467928
49035,1120805,1233.0033994217797
49037,15281,1.723109359889626
49039,29366,16.23909445272255
49041,21118,9.699694094293761
49043,40511,19.288650729397684
49045,65185,7.844039271851948
49047,36323,7.295723633304989
49049,590440,244.4810842934097
49051,30523,22.63762730794244
49053,160537,56.97170203682203
49055,2694,0.9699020322429791
49057,247731,333.7196167888307
50001,36939,44.5233618514746
50003,35920,51.664601110123634
50005,30425,44.9318786321491
50007,162052,255.56146682657263
50009,6208,8.942940110191977
50011,49025,69.1036566839856
50013,6965,34.99686019252135
50015,25268,52.98304700074228
50017,28937,40.68656975390029
50019,26911,36.35553134623087
50021,59273,61.18126542746088
50023,58477,81.85404454255756
50025,43150,52.63819179356036
50027,55427,55.301510195430154
51001,32742,54.45617085752968
51003,106355,145.13889538573267
51005,15286,33.98047105463747
51007,12854,35.53487950666892
51009,31882,66.15587206449626
51011,15577,46.069165717337476
51013,231803,8761.390071666987
51015,74701,76.43319243962488
51017,4393,8.169184782051019
51019,77908,99.76491584804629
51021,6447,17.89523983008768
51023,33222,60.31194400602696
51025,16665,28.938645338914966
51027,22138,43.740958410674196
51029,17004,28.830997993736172
51031,55170,107.80140736916371
51033,30184,55.50271955331199
51035,29738,62.13199735185004
51036,6995,34.34324826494648
51037,12095,25.08086765526472
51041,339447,764.4095495523395
51043,14365,80.17755657880457
51045,5113,15.338862436579953
51047,50450,130.35126792143168
51049,9786,32.22858222727462
51051,14960,44.74684469333338
51053,28308,55.339854852893076
51057,11036,41.21148734480164
51059,1143529,2802.926305741864
51061,69115,104.82266290081374
51063,15666,40.85794844791247
51065,26282,89.5962520292816
51067,56233,78.42833148443371
51069,85153,202.57877627514506
51071,16814,46.475549979875886
51073,37161,144.53784716605324
51075,22482,76.51649437546476
51077,15811,35.3187909300463
51079,19410,122.61456996476957
51081,11659,38.857820990534506
51083,34779,41.52671434700974
51085,104449,218.133859177241
51087,325642,1305.426944177139
51089,51588,133.75270413015932
51091,2214,5.292737705261021
51093,36372,110.20690915925158
51095,74153,459.30870363800574
51097,7052,21.2656051775984
51099,25890,135.92327263160752
51101,16497,57.02791972342381
51103,10804,71.61957653873463
51105,24134,55.10006518935303
51107,385143,729.5750299349423
51109,35380,68.58500315502896
51111,12278,28.213798423623988
51113,13139,40.29650986287094
51115,8796,83.51827014112052
51117,30847,44.90780066478586
51119,10700,74.10467387934094
51121,97997,251.14435878418158
51125,14812,31.018955892470913
51127,21103,93.48708396955075
51131,11957,33.66595954097638
51133,12223,55.29899170275517
51135,15500,48.246129124062215
51137,35612,102.49552004900495
51139,23749,75.00546885539603
51141,17859,36.53038935689909
51143,61676,62.590181933688264
51145,28574,107.86407107580085
51147,22956,64.1737790030622
51149,37894,132.97772851904165
51153,456749,1309.7420513408224
51155,34234,102.69805427295353
51157,7332,27.195605100308214
51159,8878,44.64093194763438
51161,93583,369.55787550799676
51163,22509,37.09354178617102
51165,79444,92.08632619914962
51167,27408,57.23706004151271
51169,22009,40.79545752793649
51171,43045,83.55585822877954
51173,31059,68.40570670927123
51175,17939,29.450433938669978
51177,131412,313.59876339358925
51179,144012,512.4627289338088
51181,6600,23.01574965565661
51183,11486,22.87053243978441
51185,42080,80.91699563868423
51187,39449,178.91501125150646
51191,54406,95.94125026844142
51193,17638,70.38253150938104
51195,39025,96.44945361788714
51197,28940,61.83327629362917
51199,67587,535.2086274804788
51510,156505,10130.226204414914
51520,16843,1255.1193900199185
51530,6399,827.1771800059053
51540,47042,4496.499394435245
51550,237820,666.907600591033
51570,17593,2285.4509589688755
51580,5582,1023.7831583463475
51590,41512,939.9616540298498
51595,5381,724.7686220197007
51600,23865,3642.120157208229
51610,14067,6731.017251643763
51620,8211,942.7291667525872
51630,28469,2492.5890256562384
51640,6638,814.6486406728939
51650,135583,2269.46613105028
51660,53391,3282.3868799183933
51670,22408,1955.5885543023421
51678,7110,3189.018432089866
51680,80131,1577.361486285668
51683,41457,3795.3110130458026
51685,16423,7478.732881103699
51690,13101,1171.0633520213146
51700,180145,2483.713164921149
51710,245592,3812.305266713345
51720,3990,484.5527474412625
51730,31827,1353.6742233319749
51735,12039,552.9518770231622
51740,95311,2415.496809008916
51750,17630,1663.0069858216061
51760,223787,3597.1710946926114
51770,99621,2366.3247636942037
51775,25519,1823.8858797922978
51790,24452,1197.828078732627
51800,89160,210.26419193601015
51810,450135,1444.9065974684886
51820,21926,1333.7389355146645
51830,14788,1805.5390087523108
51840,27789,3050.461757348435
53001,19452,8.698070136810104
53003,22337,30.27079388194811
53005,194168,94.02653398368035
53007,75757,21.549894283018574
53009,74487,34.86347798965169
53011,465384,584.8593541181878
53013,4001,3.9418179816109817
53015,105112,74.3442189588695
53017,41371,19.217433771224254
53019,7576,2.9213225477146234
53021,90660,61.26309750745406
53023,2224,2.69584966591587
53025,94860,29.111267170739893
53027,71967,30.565513752451952
53029,81636,322.21177982133037
53031,30856,13.97502640331957
53033,2163257,829.2429902172487
53035,262475,497.88471176877215
53037,44825,16.27964520260874
53039,21396,9.426404484665136
53041,76947,26.25561942334093
53043,10435,3.8716718435456152
53045,62627,51.85746860703702
53047,41638,6.753699495639016
53049,21281,18.500046848455035
53051,13219,8.161018013173917
53053,859840,418.0699031061183
53055,16473,52.27092451972045
53057,123907,59.66458933640478
53059,11620,5.735689021118896
53061,786620,314.2254445620701
53063,497875,244.55127073082093
53065,44214,15.215490571790497
53067,274684,297.733366730419
53069,4189,12.398669359132594
53071,60236,39.823495901761575
53073,216812,84.91512892799366
53075,48593,19.403347741178145
53077,249325,48.73443348833375
54001,16730,48.66729366096374
54003,113495,349.32771951244143
54005,22817,45.22059531480716
54007,14282,27.46890569966185
54009,22772,244.56748305372994
54011,95318,330.1885311381302
54013,7396,26.20578568855657
54015,8785,25.502551301600207
54017,8536,26.475707444067496
54019,44126,65.94930318757983
54021,8205,24.13524248373573
54023,11641,24.03278172007452
54025,35347,34.296036639463765
54027,23363,35.912242169236805
54029,29680,335.8688466042204
54031,13842,23.47682985688165
54033,68209,162.75925180112458
54035,29018,61.23908193281106
54037,56179,260.7914774931943
54039,185710,202.91971633308114
54041,16276,41.51977425645865
54043,21078,48.10147788601695
54045,33801,74.13793059076313
54047,19217,35.76985091302727
54049,56497,180.35183420318242
54051,31645,100.89518687945035
54053,26939,60.460854896565856
54055,60486,143.07353293100468
54057,27278,82.3772212276232
54059,24741,58.26067733925345
54061,105252,286.812710090905
54063,13467,28.28439243639612
54065,17624,76.25601609304103
54067,25324,38.551079969878714
54069,42547,388.6577752902894
54071,7056,10.05181019255611
54073,7507,55.564918933098774
54075,8531,9.004735362177493
54077,33837,51.59503965741213
54079,56652,161.24670007500728
54081,76232,124.36003290877062
54083,29065,27.720256780879325
54085,9932,21.780026450445195
54087,14205,29.330054114767023
54089,13018,35.229048770293524
54091,16951,95.90486033849564
54093,7027,16.58935475786005
54095,8909,34.09441541171063
54097,24605,69.27570347478225
54099,40708,79.12218817496421
54101,8518,15.219938238206849
54103,15614,43.0254301648903
54105,5797,24.62660643407685
54107,85556,226.37201999852138
54109,21711,43.13449698509309
55001,20073,29.17634334897228
55003,15712,14.44345099064325
55005,45252,50.63020723373933
55007,14992,9.873618631487231
55009,259786,484.3487045731407
55011,13167,18.462827403516734
55013,15258,17.23721171168333
55015,49807,125.24048596073777
55017,63635,60.69549681963087
55019,34491,28.18869535876004
55021,56954,71.51827553837737
55023,16288,27.0119655379255
55025,529843,426.5044329879453
55027,87776,96.48764582029908
55029,27439,53.83663256921699
55031,43402,32.15897086872148
55033,44498,51.21065835190176
55035,102991,159.05904133473928
55037,4337,8.688009771235873
55039,102315,133.51053756389737
55041,9018,8.612154369061031
55043,51828,43.61438993337411
55045,36864,62.83699281388974
55047,18757,49.3185331027185
55049,23620,30.63432687496684
55051,5715,7.085473093828599
55053,20506,20.40925961385156
55055,84652,145.3510424651463
55057,26419,32.65734097269474
55059,168330,603.6535763172071
55061,20360,59.216179427240114
55063,117850,244.94027192538877
55065,16735,26.295356526511142
55067,19164,21.53563870178939
55069,27848,30.664659084804924
55071,79407,133.33018990278802
55073,135264,85.46684934106783
55075,40537,28.34148377274231
55077,15207,32.64921041304104
55078,4579,12.496682446019266
55079,954209,3931.2472460167533
55081,45502,49.85609985179779
55083,37556,36.87209050690752
55085,35345,28.547793477321367
55087,184754,286.5689248947641
55089,88284,378.1796413063159
55091,7262,28.955726562640386
55093,41603,70.22141315691155
55095,43349,44.97591496137407
55097,70599,86.01029621396916
55099,13490,10.520980882223103
55101,195398,574.843262765772
55103,17539,29.665345834835758
55105,161769,222.341580963083
55107,14183,15.186885686557536
55109,87917,118.15709529501461
55111,63596,74.74531841438532
55113,16370,12.058292048032373
55115,41009,45.05911764531917
55117,115205,221.806093061866
55119,20356,20.581975400724467
55121,29438,39.42223085613691
55123,30516,37.25510385575657
55125,21593,21.162459316617042
55127,103013,178.38991156542406
55129,15689,18.284640006512202
55131,134535,308.74963801686187
55133,398879,686.374552023266
55135,51444,67.08044688400322
55137,24116,37.72016951685253
55139,169926,293.08152600364156
55141,73274,90.28313927222054
56001,38102,8.266639392580569
56003,11901,3.4911388898895575
56005,47708,9.331573078096806
56007,15477,1.8001005412482192
56009,13997,3.0771310180643856
56011,7410,2.4477031159305502
56013,40076,3.974387559574032
56015,13438,5.683403462860758
56017,4680,2.1498476774801807
56019,8515,1.9045618066694143
56021,97692,34.163163219035
56023,19011,4.182053597201834
56025,80610,13.94020268608592
56027,2448,0.8785470956077831
56029,29121,3.827974876002999
56031,8673,3.8611294982796505
56033,30012,11.120455325466745
56035,9951,1.8362860566500032
56037,44117,3.8376372236151615
56039,23059,4.964307844036309
56041,20609,8.869332378400008
56043,8129,3.3575283136199565
56045,7100,2.798834545104772
72001,18181,Inf
72003,38643,Inf
72005,54166,Inf
72007,26275,Inf
72009,23457,Inf
72011,27368,Inf
72013,87242,Inf
72015,18111,Inf
72017,24299,Inf
72019,28755,Inf
72021,182955,Inf
72023,49005,Inf
72025,131363,Inf
72027,32222,Inf
72029,46108,Inf
72031,157453,Inf
72033,24888,Inf
72035,44530,Inf
72037,11853,Inf
72039,16912,Inf
72041,40343,Inf
72043,39265,Inf
72045,19539,Inf
72047,34165,Inf
72049,1314,Inf
72051,37208,Inf
72053,32001,Inf
72054,11910,Inf
72055,16783,Inf
72057,41706,Inf
72059,19008,Inf
72061,88663,Inf
72063,46894,Inf
72065,40390,Inf
72067,16180,Inf
72069,53466,Inf
72071,42420,Inf
72073,14906,Inf
72075,46960,Inf
72077,39128,Inf
72079,23315,Inf
72081,26451,Inf
72083,8599,Inf
72085,37768,Inf
72087,26463,Inf
72089,18547,Inf
72091,39692,Inf
72093,6202,Inf
72095,11023,Inf
72097,77255,Inf
72099,36872,Inf
72101,31320,Inf
72103,26266,Inf
72105,28557,Inf
72107,21407,Inf
72109,17334,Inf
72111,20984,Inf
72113,143926,Inf
72115,24036,Inf
72117,14269,Inf
72119,50550,Inf
72121,23054,Inf
72123,28633,Inf
72125,32114,Inf
72127,344606,Inf
72129,37873,Inf
72131,37964,Inf
72133,22066,Inf
72135,73405,Inf
72137,79726,Inf
72139,67780,Inf
72141,29402,Inf
72143,37724,Inf
72145,53371,Inf
72147,8771,Inf
72149,22993,Inf
72151,34149,Inf
72153,36439,Inf
